q1,q2,q3,q4,q5,q6,px_r,py_r,pz_r,rx_r,ry_r,rz_r
-2.5016579986405625,-0.48562772310422464,-1.9895979945696034,-1.199204218888565,-1.6440075000382688,1.0765393967520276,0.12673800800147886,0.2570934818910071,0.6879110362003299,1.649749092072506,-0.977927864718931,2.136045749649405
-1.132200899848741,0.10126302076635008,-0.15180714837066045,-1.6192143212571155,1.6434158108002856,1.1526444953839081,-0.12779493070642897,-0.03502954523725034,0.958122175126353,-0.7046137272863224,-0.21625269189186813,3.1235733218420356
-1.0895363951442394,0.13951262192412184,-1.2417421769119046,-0.9235061099514992,-0.8513151377141441,-1.03656369422982,-0.3990133549071963,0.3855869312359302,0.7746267119396218,-1.6015986319277795,0.6735386974979778,2.010053844435307
0.3068270772307198,0.8276475992576018,0.38431398079243584,2.071152718433924,-0.4315467381610869,-1.1315866952791178,-0.462055979852766,-0.34613246588688396,0.7212710152519569,-0.3767023225809849,-1.285315977129533,2.6290829773620663
-2.059667244452471,0.05006969787922699,0.5347794630516574,2.7093355499538183,-1.7538283705376159,-2.9029043384417417,-0.1582278524113433,-0.03363264299283789,0.8517431280514853,-0.5725047877796267,-0.28815624158455,2.521902756550433
-1.942718900472052,-0.6449129844034225,0.5061721449927399,-0.9915060655461181,-0.615083593476671,0.7336246056925471,-0.4390137073039997,-0.6168816884828994,0.6630739139099237,-3.0123091933566286,1.0602280867896954,0.1188594379591057
-2.1561550961262896,-0.8060079812377997,-1.3634084340207209,2.629427407025348,-0.8141037681159504,0.19637418496615489,-0.24695355344455183,-0.05241204471191782,0.7040945177493888,1.8066448295458315,0.22732677197035578,-1.5370390369943197
-0.48994354241375593,0.31511550779636743,1.237299754241779,0.29407919428154017,-1.7146674884971898,-0.14905996652561448,0.09541035882507418,-0.19397142317672114,0.9605707976087731,-2.2642494066952734,0.03686824841309155,0.9496971871931112
-1.7824306966123191,0.16000213679669484,0.6848444770913154,0.10568863718808297,1.0944553809239443,-2.0415843678092536,-0.20365588497425913,-0.17205824016602347,1.0304791556314308,1.989319846521041,0.8174743887864744,-2.127891687867783
2.6043358046257494,0.5245761621541303,-2.053519686974191,1.7917179815270319,0.5709442442735084,-1.517975858523621,0.38898045179500557,-0.014835807830919215,0.1792319611087318,-0.5671098322445274,-0.29799004620679703,-2.1323425062229138
-2.6958224168814313,-0.7150215077901119,-1.7587759790505975,0.8850477724720913,0.4499028899329578,0.10434669170626654,0.04282813453395765,0.23097122890417843,0.6951186747376547,-0.3646626417033323,-0.9311496848077698,-0.8198098788966619
0.05320537133923331,0.32664267321327856,-0.6145058550713278,0.9079863522791114,-0.1580180029519329,2.372917176406641,-0.5457235478163698,-0.22458457399615758,0.7902649473323451,2.960269945932345,1.0624860554156426,-1.8868873245454365
1.7841467241527122,-0.4835535636641568,0.3943908838655745,0.37829490463414794,-0.8249574929273094,-2.040233018595388,0.06247579234057575,0.5447229381649566,0.9371207012643731,-1.8024494860947138,0.6889402314823276,-1.0974335496835248
-0.2741693779897241,-0.4186341941720223,-0.33915609441690187,-2.3038367171369387,-0.22183782849569145,0.07166874635876086,0.23792946052160371,-0.26897182106532513,0.899170051358554,-3.0934625200437567,0.805381571497044,-1.3506552052921843
1.5055561050132922,-0.10006224008012754,1.5217393983942,-2.378260842555954,0.32563645333456526,2.271795215623189,0.21390991158111755,0.31693554946746716,0.5518518812709315,-0.7797403030112389,1.2941464542408716,-0.48121148007202996
3.09544937182021,0.022372040064094767,-0.7549748999514045,1.7661215823835588,-0.33903652399466555,-1.4565673357297069,0.3299693431734833,0.17750115017031032,0.799238806029678,3.0150856464572566,-1.0791147856017933,1.9786681663208305
0.07823561664178236,-0.38454403018347394,-0.004419732218366779,2.157011265061049,0.07178378285571352,2.2957705817881497,0.22064414502978802,-0.17915001340021003,0.9312573220663481,-2.9838931546158616,0.928277234609364,-1.4533693065646425
-2.7667220986711336,0.33068485824267513,1.9029101151782664,-1.035993354878928,-1.1157101763353952,-1.4761176949932941,-0.3693474926836962,0.0285552674893838,0.538533329939566,0.5303138091987137,-0.9901453498803695,-0.5871489320321511
-0.7737427132893693,0.9029055441338292,-1.5371672916125645,-0.04594235677723102,1.052090572608539,-1.4904522762594061,-0.6300284583583933,0.384497955589264,0.12069281585963317,-0.6666534947260916,-0.8603942238823317,0.43876894634943286
-1.734788535096897,-0.25849778558788505,0.6092777617220726,-0.5182551837162936,0.6287811240158319,-2.9975683688143873,-0.26695318098827003,-0.48413739198245564,0.8451540044355761,2.5179780133963785,-0.8638801767135736,-2.6685296010757735
1.8015080623960702,-0.21802370618068356,0.30073931769179296,-1.492599803482278,-0.44977677488167966,-1.617744140295007,0.09393442475724656,0.4306975506267699,0.926619679228667,-1.3631037391937566,-0.48273323931824486,-1.1107729510195965
-0.3745498035828141,-0.3345434852126722,0.21010823914901655,-0.28917714757699464,-0.6027910621587851,2.4811344010746166,0.30951428519388186,-0.3207233018997843,1.0283766933463174,1.1581042300196756,-1.1062304200770088,-0.3568352790499107
-2.6627721418961245,-0.283589927050762,-1.553965850794754,0.11224513942244618,-1.2781759774332313,2.989964256115354,0.2423470392104958,0.29774397317776435,0.687089487565887,-0.8819865588888525,0.25461557302003057,-2.9040657367896165
-2.119923790583056,0.8898027600097522,-0.4511625781203208,-2.531847522781027,0.17466326444797176,-2.1102631819992705,0.1583830561092251,0.6325797667299594,0.5767455521415998,1.1121100400930244,-0.15219886179247144,-1.73480081970379
-0.7058154656597391,0.18421096098648415,0.6632287392869389,1.7561223829827264,-0.6308999923662115,-2.330189845492985,-0.13768284474646242,-0.12475816248088166,0.9565590301094228,-0.05494154812220864,0.8361827922681928,2.57239004861552
0.8906870219946579,-0.6393298890595217,-1.473292486889424,-1.4172353768950399,-1.4601220264108778,2.6603897149581353,0.11175416406930097,-0.08722421531842614,0.9188563093434328,2.2673936057528827,-0.4558758557291114,-0.9151922431733502
-0.056312447749736094,-0.8573865988568954,1.2200800986656954,-0.5082780517892171,0.09450562302076704,2.0788774716090708,0.7205293195734546,-0.2366520517645641,0.1910009815811214,-0.1088798308069614,0.5081720543290622,1.6278453426637163
-2.0017766933121393,-0.9495979370455537,-0.05104703636665686,-3.054170556163143,-0.16654349419656156,2.6311924455665987,-0.4276830493861028,-0.4629846088762242,0.5919685720279655,-1.456359726699695,1.288206290501856,2.016495398873036
-1.817873629174957,0.06555382221521433,-1.3157996927326259,-0.16501265590067815,-1.0834798592135821,1.6935007309521173,-0.030381636500001846,0.5483494260165702,0.6878520136226614,1.210452401120087,-0.29496732478585796,-2.618075965647004
1.4449639226251754,-0.9462352532197251,-1.9140358916401694,-0.7882139345987262,-1.206105302792987,-1.5629093387189454,0.15359398280720132,-0.03491708337084531,0.7515502839893661,1.4043816328718406,1.3882387098797926,2.736967601739049
-0.11896698445385834,0.8360396477999377,-1.8410763752043984,1.654619130601629,1.2842035475972104,-0.9605531602978741,-0.4470960575177829,-0.09988791811839266,0.04382483794829428,2.4326553228278964,-0.15468229379485954,-2.6935976677678752
0.4539387083858095,0.4530710227830781,-0.2031921384720552,-2.7658847692106776,-1.0914152606207643,0.6371090834281534,-0.20876556180451522,-0.28338116048379847,0.8751790882951581,-0.694682041833457,0.6731614147613825,-0.22830290269974016
2.3920641509646,-0.07439442114637007,1.175344673996237,-1.2420501462442541,-1.0535448410984078,-0.11449000483446525,-0.2556300088553822,0.4635469320075089,0.6939372082285165,0.3315599292569211,0.20777755459986036,-1.0033990091183675
-0.5777442641069994,0.44760063418556784,-1.2323368536798973,-1.848194630386972,-1.633379232457619,3.022985766538197,-0.5898437827564897,0.22794206850658316,0.660947478196714,0.9114735578186216,-0.10645046733935337,-1.4019182510679047
-0.003314616071714127,0.8535790453750387,1.8513104593594223,-2.3428839813001296,-1.0503347812443027,-0.024291060958674837,0.002399002817245789,-0.1653413785568977,0.5610808918696208,-2.0817959519702463,-0.12239451954298053,-1.7444869701776449
-0.5693308822145116,0.4418412224702213,-1.7287502565586643,2.6592320598976458,-0.44925087457872315,-2.269335873067197,-0.44370141237062116,0.05845634653912912,0.4104042069256373,2.2470818655360723,-0.5070120914860909,-1.054844342122243
2.505673371918338,-0.7538700781700451,-1.305534262404587,0.22268233434640594,-1.6062020215622261,0.35922339533297665,0.08220322451572545,0.10444100091785057,0.8642821911451529,0.6544164574944519,-0.23016792975403644,2.3713578152963133
-2.3583468189563854,0.9910003143943158,0.4881306967146464,1.4054414045329024,1.8212758818536896,-0.5496379374622817,0.404637602171949,0.5720733850077904,0.7746350863624786,-1.385672063338399,0.02646445881143289,-0.4166469657213991
-1.336509002278022,-0.31679617480614897,2.092200786474872,2.8460961353721665,1.257164217954963,-2.929106654917483,-0.05585686373314703,-0.4285475590244218,0.4479165298915188,-3.102609067931371,0.32439005467652726,-1.1320313959698813
0.9557367407374247,0.7098820542881938,1.7063646853361827,-1.6688630402788434,-0.20447066496746324,2.565779820903281,0.20532361577496025,-0.04684757378525968,0.6341271246183752,1.1278878248858821,0.10760975810213114,1.4770371739293453
-0.2886272720982612,0.570109138901369,-1.9132703290686641,-2.1667314257079213,-1.870336872999231,2.7496676461795784,-0.5797719824858426,0.05009375425777857,0.34206473209612587,1.1247111318054714,-0.46439950910371675,-1.9100411489187508
0.617736686475459,0.20279661604805033,-0.40744343271099637,1.4915074719220054,1.6150990627535013,2.7432735306404754,-0.27819489762884064,-0.3599538314830184,0.9293432752576013,-1.3211552809976586,0.16189990967190981,0.5096966882739342
-2.9427982301136955,0.12250841360118203,0.9233822959286204,0.06286240143935107,0.8033190848438037,-2.527634166709757,-0.3511021476049451,0.11018413423726778,0.9421651807858448,0.8284045965850475,0.04439629945536705,-2.0768014887369457
1.776054890771594,-0.005976727043087271,0.8645655683101006,-1.4284816988777667,0.8644747662709826,-2.1875483468837387,0.10085232340908122,0.3721625165395058,0.7676878887599682,-0.4790814466045912,-0.9668472583150544,-3.1236045135533095
-0.22904217552402528,0.7781426413922727,0.2618341119915253,0.6927970999692272,0.6980665449014434,-2.923119586124118,-0.6242005690028217,-0.04108435278759726,0.9033258980334176,-1.8981894365463337,0.8885773430798904,-0.3063364108239881
-0.5788899085371173,-0.6173459344565198,2.1960554919050654,2.4115767231166356,0.5288025916275014,0.12665261819972207,0.28214671622815685,-0.4086003957926997,0.2736559251761307,-0.04034930395360736,0.22049230854384616,1.774413485514603
1.6469192431675705,0.4370257440911416,1.260687408922477,2.3254687958602065,1.5695197094403177,0.47141400336078787,0.13624231257619449,-0.010115670953524412,0.9133590821641383,-2.595079717172092,-0.032443598691737296,0.06090435217346668
-2.6470951953891846,0.3885422508885261,2.165542080559641,2.3634620210228383,0.02371264580160859,1.7674431373427768,-0.21497721368368064,0.10674366813602137,0.6094953320100651,0.5010797039342502,-0.7877231284990567,-1.5522004582743745
-2.317112316745944,0.5145479527228192,-2.153457680063937,1.8581274057593942,0.039462227749225365,2.6604463869175228,0.055078352064096295,0.3481802297475628,0.20971042795019226,-2.3735745641470603,-0.9023061074657094,1.6333952880828442
2.4183713223402097,0.5810643829845139,1.3059710024390472,0.1319043748085882,1.5406708986117805,2.723798510121236,0.007388425272558882,0.17600304173747874,0.8952730844211004,1.0672071431679502,-0.3595487582791568,-2.210248442251439
1.7658128395836754,-0.9746605916928499,1.1432887184946874,-2.2901119018021605,1.2140099593730298,1.4533508167392752,0.04015895329776828,0.6032770786585279,0.2524377793874993,-1.4896938097554142,0.26151627452241377,-0.3886343334049721
2.227893576843933,-0.9834142246475587,-0.38796530898205317,-1.6386850069504557,-0.7403143183354406,0.2674571460878563,-0.28946126482439977,0.6699529903333479,0.7048292664258129,0.317020176430812,0.8092458112050025,-0.6916436293818571
-0.945280277335081,0.399502152970322,1.2149325018199453,-0.6283304584518294,-0.32408746421771184,-1.7003394304864283,-0.03722811064928817,-0.27777848197331456,0.8873658723994549,2.1551763477160675,0.00417114252560169,-1.2494255123485989
-1.9977254869222947,0.17836018874820403,-2.013060568559331,2.8401921876504015,0.8929557401369563,-2.3771897398629434,-0.044933959565558054,0.3196391917063679,0.3908091374720423,1.7569398033798216,-0.21420456124393028,-2.429314901230872
0.4894813963568776,-0.6618059877916875,2.115189116004725,-0.6254545494105574,1.5428997053126898,-2.861474492186468,0.3565470562201341,0.03505632423447673,0.08827838087571488,-0.980484073084706,-0.26322010529288975,1.3005169544262416
2.9336491491117305,-0.6801171672623725,-0.7111521197722044,-1.466805359767185,1.3430317937151512,0.004770300487044299,-0.3543106166002598,0.22680842478129326,0.8632565648105889,-1.8147625093431796,0.2249787795080278,3.001945929863577
-1.917218807510679,0.004838204917616773,2.1329043469979627,0.9884199585665399,-0.9432081181384628,1.783297319957112,-0.29603275959403325,-0.31698777818956014,0.5194338219545368,-1.7158515196856725,-0.5480642165033409,0.5324941382053424
1.2418888677759052,-0.9171861383356388,-0.8475140244456469,0.5970034560293072,-0.9068959352786851,-0.3344091397530793,0.2587191487851249,0.22369828425100957,0.8987990287353743,0.4028727855220987,-0.009287544160804684,1.9783534994324814
-1.964130350166408,0.09994033399367286,-1.7760572902973424,3.016489061495665,-0.2668160546293168,-0.13584827912959385,-0.0625357656082126,0.355061113749032,0.5488678401933312,2.8925796662115593,1.3036569322340097,0.1865451572878758
-0.4078829956739618,-0.1135079929210342,1.2249807427780346,3.1207979808773003,-0.07048454512131608,0.7149343002031712,0.2125961140458502,-0.30521723561115627,0.6874401467296255,2.800173883108456,-0.6420502042735345,-1.6568854756173272
0.42008774112098424,-0.5491235193733428,-1.832124683706978,2.928447117289091,-1.6796316807481995,1.9837864728331733,0.05276781072065176,-0.11703242617041694,0.6710722411680135,0.8916380443177536,0.498490145517799,0.1203946290181564
1.1823866059186163,0.7728057427548964,0.2693759721202733,-2.312392428497412,1.761309460845673,1.5964211956448096,-0.04203536848730011,-0.4286929140722135,0.7482723046922213,1.1564790898715493,0.24293762326064972,-2.9572522964986385
1.3169041478014445,-0.8767465158516159,-0.8055072266607906,1.5449468254425693,-1.3281160672790695,2.5301837694277673,0.2117801474499015,0.22027382448383032,0.7949091667412274,-2.7566144489349806,0.1406694167356981,-2.9209901863238423
2.920350941293558,0.8767848122407458,-1.9612867013046174,-2.1420500172298627,0.2863237198296096,1.1205619932445532,0.5535358282944539,0.07384932085878729,0.19628929378651,-0.6674671426421794,-1.2819881576402203,-0.8816981528821319
-1.3553432492093656,0.5746447728937298,0.07955013967198088,3.087525774462583,-1.8290534692336617,1.1484944552085365,-0.18736346782564195,0.29753128146397906,0.8170935446807338,-2.041356569210901,0.8949541393372282,-0.8502817152018465
-0.6901929514411025,-0.4069106484571152,1.1932869966342166,-0.23162235093493688,-0.27920657323060905,0.680196393258083,0.3945533641208712,-0.5768755291188588,0.5693810200522526,-1.1669599463261005,1.0850776342309527,0.9639334621450182
0.8465393921833688,-0.9943733723629827,0.9253285730227994,-1.9183658851049785,0.675697741994159,-2.001188074423686,0.5631861544988369,0.3610568284940496,0.23166218517738568,0.5428565371664442,-0.5101459231519914,1.0930720019455065
-1.3657252597499072,-0.799611831178257,-0.6122464967991172,3.0188832385986895,0.46247753949610226,-1.2682954399350732,-0.11608772665821813,-0.37291873705560397,0.7684643653224406,-0.06902492924312831,-1.432291385707671,-0.16756462222197968
-1.6276125096945357,-0.7044217263184126,-2.0432244070117997,-0.026661542190276943,1.4151864272465313,-2.3871264878325347,-0.1350319592793783,0.16982976011918802,0.6940198548759826,-2.4769214436374143,0.2883249015485798,-0.08747425203009795
0.7879277905152313,-0.1553154425065536,-0.6621862919979506,2.201657076976073,-1.446477351859671,0.9474093008595612,0.027634277516430036,-0.1743595640354279,0.8323454158287158,-1.3946552806089372,0.7846541178745947,-2.19993606275125
0.6624759118678543,-0.7871486596675727,1.8864315909943201,-2.280736767287702,1.860257710959503,-1.2375461240971795,0.3920023654517455,0.15666192483392977,0.23843481308468006,0.9993704365366174,0.32260839534565844,-0.19471625704764683
-2.9237002683185334,-1.0192328007878597,2.1543068104424403,-2.6534028157516096,-1.3623389856120487,0.07683733036645002,-0.30338590351616623,0.08402464953493022,0.10279935489139962,1.9426832018369677,-0.1605053453575176,2.022682839062483
-1.596703024506716,0.5338112742524004,-1.7034324299909345,-0.3200016567326225,0.3387033934991144,-2.456892294991099,-0.1758387070768254,0.6469232120571564,0.31313802463507057,-1.893047297901611,0.49205023045872,1.208307716582257
1.1806815880830146,0.8120942160403293,-1.2207033672988936,1.838807704189263,0.48290763293890304,-1.213142719574772,-0.06187554536044425,-0.6475359875060587,0.21697576456831466,-2.148649055199389,-0.513517814596185,-1.9342704635423882
-2.863519426572371,0.952234146192195,1.3465097030299584,0.9647294400708808,0.24157372579150005,-3.0834360693558267,0.2114801355330498,0.26235855281945547,0.8872020575555711,0.5736302158672952,0.609395148185703,-1.4125837878565424
0.4417756890487974,0.15008381901235035,-1.033832554611007,0.36943528252051605,-1.1772588696344517,-0.6595545003889209,-0.41199188952219545,-0.3700711794473333,0.7137746098166062,-0.4264470234629012,-0.29664511087941814,2.878491147013931
-0.2054621086777586,0.4372971154682259,1.6221537218265616,0.4553750435186896,0.4296757484824796,0.6779675099268241,0.2047433520267489,-0.23721447336104887,0.7940823353610609,0.1249863321468021,0.004297068974737028,1.85214612267517
2.0168661658604123,0.4217612558123036,-1.9929676986558575,1.5658689970002464,0.21743382491482155,-1.2438562868396121,0.33452039692939023,-0.24852839018809175,0.22310534866679352,-1.2003735817268877,-0.4109731096249949,-1.746778050916216
-1.285088714095985,0.7622000876120858,0.05617062096197678,-2.4457768961249737,0.7098492483685575,1.770075111572853,-0.3045284319383646,0.39355037299040635,0.7343677019516061,-1.4144731226067482,0.01680801043078861,2.268594764159313
2.646461332651406,-0.5369879233079361,-1.1327564861438577,2.079786235788194,-1.067967907439943,1.8184272622493656,0.05976997162573727,0.15456356665581109,0.7583955715778492,-1.0719239440813422,1.1660046815912475,3.1186451537583446
2.977031369911375,0.5410296992711447,-0.4307334583724509,-1.9430780862203147,0.1325612508839078,2.0353732405653147,0.48205946047384823,0.11809104388459818,0.83340526100583,2.8561722138971133,-1.0574177917816905,1.7948622029292407
-2.477971755138774,-0.8369552664741758,-0.36900725678866886,1.241594935149521,0.7286499242154094,2.1058934821814543,-0.478207398878805,-0.1447736750265077,0.9235788141987573,1.034479729453926,-0.3570725079657542,-1.0511291653812556
-0.27308711277210707,-0.21847806451296747,1.4099510353262317,-0.6848882102082365,-1.313942072519266,-2.6310499635437767,0.5364739872424414,-0.30654362272170516,0.5669458117280982,1.5418003772120497,-0.5163557898644735,0.6103766906217543
-2.964577589797624,0.020171662503415844,1.8047473809431134,-0.19472631284436437,0.47721179627210786,1.9278136886779138,-0.4772391199690439,0.1068129038173504,0.4802760727761725,-3.126411669254288,0.08740574845291582,2.007707274593805
2.881142296194897,0.9288413823117485,0.16279360386891017,2.27683299158095,-0.7807946945965141,2.868185419628151,0.6255856093532871,0.017837037826257028,0.6065787556373716,-2.5988737629213974,0.3427769334884909,1.6444999671405454
-0.654237113243453,0.5469112666444402,2.1886839187726297,-2.1771731012359328,1.2558956861444899,-1.7999051890565678,-0.0727743327758319,-0.13812571856153916,0.4873667064272906,-0.9681534296884583,-0.7963222761821103,0.5508051929265844
3.0578894067644327,-0.05719404289083985,-1.1701442908626527,1.190161477221555,0.5890484893740506,1.5470232526060017,0.4323449933982951,0.15010418119736335,0.7495379047474829,-0.10114395633283985,0.7124777527146349,-0.9932779153426174
-0.013969044776030337,0.36800602753370737,-0.35831137415253145,-1.6673505086692755,-1.5693783624960167,1.735363635141812,-0.3675427825871342,-0.12996768753153173,0.9967922641593991,0.18875344000328617,-0.6201936675866923,-0.11744930618440749
-2.0972802595038518,0.3143661125229116,1.2972733187398124,2.3457244509392905,1.1769871045970648,2.3665644298308206,-0.17662424938994495,0.011345542386927292,0.8958290964675044,1.771583275073156,0.12405196365273241,-0.4261791876417961
-1.7249976659353865,-0.26058028540373734,-0.4645169359839143,2.8906717766720447,-1.866017067698123,-2.906370156170997,-0.1304137374338682,-0.07559862453888876,0.8749755091261588,0.12991612640219552,-0.2486501792290321,1.617160545633226
1.4718831868921485,-0.7071308539256371,0.020832136139074198,-2.3932499519969834,0.3022060703364091,-1.2865125426378565,0.24519734670829502,0.5140433689344289,0.6940392015021957,-1.9524575655877774,-1.2669952834601874,-1.5911221072535204
-1.8972407831424185,-0.2866733530889286,1.445757261018441,-0.5502525838373797,-1.020988552377125,-2.20905167359741,-0.35739844473205906,-0.5352803885075889,0.5182465537531978,0.346297429659109,-0.8638873076075985,0.11024020111572407
0.7944505326829945,-0.10626088441456938,0.31932653461722493,-1.9892876758324787,0.7239545417714153,-2.615666570276733,0.30262337705902254,0.05025801691145978,0.865200511080161,-0.5191016953953017,-0.936833595136762,2.408293409910268
2.336349917304181,0.625496329161668,-1.867377698521681,2.689916674267495,1.6911994842228344,1.2958984561741382,0.35142284291537196,-0.18140231434666682,0.23552552839771623,2.6457150991482368,-0.4839650410896039,3.1190100190254255
-0.0667308131778328,0.4780547769627679,-1.8479966852767795,3.1230768621188836,-0.7546163798167704,-2.7093203549923897,-0.4466402788941833,-0.14999441215695292,0.4221325817540611,2.3855982863167604,-0.21002463381461234,-1.0254010079926543
1.4708943152639384,0.16048256088511814,0.06348852607928723,-2.4728749353441724,1.2223710892152853,0.005917844751024415,0.14746147837705373,-0.09125724893616993,0.8839899194752338,-2.98946423990365,0.24326696766487643,-2.3065868759025654
-3.0800905519592754,-0.6778055620304214,1.7250807009812723,-3.00820933709307,0.999014001534309,2.2164459738930407,-0.5032543678122098,0.1373352068293937,0.35675638728566944,0.6138516504625591,-0.26761803704452136,-0.8397490872711615
-0.7048853080684321,-0.15408548721002968,-1.4058128608928446,-1.8313872295005336,-0.28811576502323666,2.389157591688773,-0.31199918237338037,0.011381586881230907,0.8444375683656745,1.660497690977485,-1.2702077775058278,-1.0173225758161055
1.2073567589087966,0.8924055863114442,-0.4961749893891234,1.4624569158815492,-0.4639045181159269,1.7963073098815037,-0.08479887950500337,-0.7561827916409307,0.41527685857595176,-2.7856566499252065,1.437408285420228,-2.8715111854886226
-0.5444973922198124,-0.2602566217264717,2.041502197442309,0.4567644398345432,-0.2321008458076279,0.3486172362824136,0.33558814009236027,-0.43043931082780074,0.34481857013101525,-1.75603848305688,1.3377838744278487,0.2878010936261135
