q1,q2,q3,q4,q5,q6,d_nom,d_est
14.65271837,23.94129243,141.20241938,-75.54604087,91.33817577,5.33786733,0.00000000,24.15000000
14.71528651,23.98891610,141.22168222,-75.39508253,89.24632348,-0.01799431,0.00000000,15.10000000
14.87998667,23.95390437,141.19409259,-75.69609909,89.51248988,-55.13388714,0.00000000,42.30000000
14.53503514,23.98563649,141.24923061,-75.92463591,90.05926121,25.40261211,0.00000000,42.70000000
14.84801620,23.90207576,141.37273338,-76.15422182,89.33707770,-70.74519484,0.00000000,59.10000000
14.67427763,23.20165490,140.03160419,-73.23621538,90.48631874,-165.18810057,1.00000000,117.30000000
15.20377142,23.42521559,141.32176133,-75.20142795,83.08452106,-135.64453053,1.00000000,112.65000000
14.16534959,23.56329040,140.79547496,-75.30752312,85.65396863,-54.27808644,1.00000000,52.20000000
13.84081140,24.55376082,141.35844897,-79.55600976,83.71307066,-42.14719252,1.00000000,46.05000000
14.99341398,23.55856808,141.56909060,-75.46907086,90.41605578,-34.59584255,1.00000000,19.65000000
14.08452472,24.57015429,138.51688827,-72.94664021,92.94510295,-18.48735186,1.00000000,14.60000000
14.62557335,25.41364843,138.18249406,-74.22080725,82.93161811,-9.45979619,1.00000000,23.40000000
14.54635850,22.60130056,142.50283648,-76.22056746,90.19265037,-4.40507829,1.00000000,14.30000000
14.76709737,22.07433638,143.31642509,-76.72659348,81.27270590,1.86698068,1.00000000,15.50000000
15.01642625,24.37225524,141.37018544,-77.93916182,88.11785617,7.75790756,1.00000000,25.25000000
15.20216313,23.56119681,140.67449263,-75.20635997,89.64072814,14.33428906,1.00000000,36.60000000
14.83968424,23.96951002,140.88034835,-75.90317348,93.97906545,20.04870769,1.00000000,46.45000000
13.94682177,24.99794004,140.78960616,-78.56076373,93.95742884,28.93227564,1.00000000,48.55000000
14.56636332,23.07654728,141.42419645,-75.58644012,92.70820953,153.89526457,1.00000000,130.00000000
14.57117273,22.95960888,141.34357957,-75.17296284,92.72920443,162.59384794,1.00000000,130.30000000
14.70844425,22.73839790,141.33707019,-74.47618944,91.75821285,171.61561617,1.00000000,130.25000000
14.82032686,22.69640009,141.15460777,-73.86687231,90.12005490,179.90868407,1.00000000,128.30000000
13.89380312,24.25577177,141.54322155,-79.98549204,79.36117775,-12.71109619,2.00000000,26.05000000
13.99653330,23.85489555,141.45582601,-79.77632578,107.16447214,-46.49487591,2.00000000,14.90000000
15.63969719,23.89675412,141.63298341,-80.11282332,99.41382453,-26.02867909,2.00000000,15.40000000
14.75413133,23.70792958,140.87712145,-77.42857048,80.91638975,-4.24557028,3.00000000,15.70000000
14.50589049,22.57386619,142.31668822,-77.75980426,102.57562508,-32.52795651,3.00000000,14.65000000
15.36524640,22.75859180,141.57406960,-79.00989160,54.81774679,45.06672017,3.00000000,14.35000000
14.08058449,22.97252393,141.71902735,-79.61048315,107.69162024,-40.60149678,3.00000000,14.70000000
14.49363378,23.69499850,141.62814479,-78.35511772,75.96389784,1.41025196,3.00000000,15.05000000
13.94575435,23.68060293,141.74809980,-81.07877000,112.28072857,44.06815385,6.00000000,98.60000000
14.24394278,23.76775440,141.53813254,-78.88209794,104.01585649,39.02824176,6.00000000,79.75000000
13.95314378,24.02042993,141.96929589,-82.45032840,81.02060791,22.61925935,6.00000000,25.70000000
14.21553381,24.10405312,141.75259523,-80.23456138,85.36730066,8.93694527,6.00000000,19.25000000
13.98761292,24.13214639,142.04515550,-82.61201308,97.47171074,-0.15914189,6.00000000,30.00000000
13.97993930,24.11751247,142.03324657,-82.58996395,103.30063843,-9.75452510,6.00000000,28.65000000
14.53526145,23.47263816,141.80191085,-79.70515354,68.64058794,-19.35403762,6.00000000,49.05000000
13.94704694,23.98392278,141.95218393,-82.41963104,110.55102341,-24.72664854,6.00000000,24.10000000
14.49386926,23.70364443,141.56296052,-78.17941620,75.03878987,-30.81276839,6.00000000,46.60000000
14.41978811,23.53082603,141.76887869,-79.62331454,72.89152225,-38.36550664,6.00000000,60.25000000
13.78783858,23.98536434,141.67694303,-82.47448832,114.96858531,-42.94350817,6.00000000,16.85000000
15.09873451,23.47845826,141.71883083,-79.56428728,92.04684149,-51.36410903,6.00000000,33.45000000
14.96962821,23.68792419,141.52382120,-78.01524087,79.13610618,-62.36651272,6.00000000,65.30000000
15.08105245,23.44691293,141.77091326,-80.10020794,61.79158052,-98.87964280,6.00000000,118.60000000
13.59072047,25.55826355,140.76498387,-92.51865561,119.48275305,-90.46530494,7.00000000,35.25000000
13.29000358,26.53893410,140.00339118,-90.45967735,57.13448559,72.72428675,7.00000000,14.00000000
13.02511430,23.60554718,141.74681638,-88.19892053,127.60705394,129.83926428,7.00000000,160.70000000
15.42816518,22.68330858,142.45906308,-85.31716742,58.75068952,-124.90156843,7.00000000,133.10000000
13.95419401,24.61617196,139.78397183,-83.51549820,90.06895508,-2.61032524,7.00000000,36.90000000
13.92739850,24.74201355,139.90667246,-83.73686846,95.02252530,-10.29560639,7.00000000,34.20000000
14.98389199,23.20890798,138.77516046,-80.64667331,79.36680706,3.69165073,7.00000000,47.90000000
14.83298064,24.25154793,141.36233018,-144.22023221,88.53998054,-176.39647914,8.00000000,121.15000000
14.83328602,24.25145167,141.36125073,-144.20019358,83.53261760,176.03731368,8.00000000,121.50000000
14.78210485,23.90146727,140.91440267,-86.75299164,95.17996493,-17.13742663,8.00000000,41.25000000
0.25446105,0.36180375,2.24661074,-0.77999328,1.50270196,-0.26334136,0.00000000,-1.00000000
0.25678599,0.36303813,2.24047481,-0.77999328,1.57616526,-0.38576022,0.00000000,-1.00000000
0.25486851,0.34751855,2.27955537,-0.77999328,1.42626657,-0.13543373,0.00000000,-1.00000000
0.26386866,0.35152128,2.25827139,-0.77999328,1.65371518,-0.52251221,0.00000000,-1.00000000
0.25446105,0.36180375,2.24661074,-0.77999328,1.50270196,-0.26334136,0.00000000,-1.00000000
0.25678599,0.36303813,2.24047481,-0.77998126,1.57616526,-0.38576022,0.00000000,-1.00000000
0.25486851,0.34753054,2.27954339,-0.77978800,1.42626657,-0.13543373,0.00000000,-1.00000000
0.26386866,0.35152128,2.25827139,-0.77999328,1.65371518,-0.52251221,0.00000000,-1.00000000
0.31254859,0.24318389,2.42052581,-0.77999328,1.24294389,0.03235741,0.00000000,-1.00000000
0.34116691,0.21701034,2.45259560,-0.77999328,1.03452623,0.19053719,0.00000000,-1.00000000
0.22706511,0.43513522,2.12269385,-0.77999328,0.92616487,1.52940281,0.00000000,-1.00000000
0.36887444,0.07225289,2.52194830,-0.77999328,0.74251861,1.43495514,0.00000000,-1.00000000
0.22539930,0.57748385,1.97430518,-0.77999328,1.33346074,2.84123202,0.00000000,-1.00000000
0.23033680,0.58378755,1.97038634,-0.77999328,1.43100034,3.02855744,0.00000000,-1.00000000
0.32078175,0.17330388,2.40180645,-0.77999328,1.50676461,-3.13999875,0.00000000,-1.00000000
0.36120454,0.14552444,2.44456616,-0.77999328,1.32636608,-3.13999875,0.00000000,-1.00000000
0.22215158,0.41892057,2.18096115,-0.77999328,1.67903785,-3.13998677,0.00000000,-1.00000000
0.25641448,0.35614720,2.25611423,-0.77999328,1.51517754,-0.28251612,0.00000000,-1.00000000
0.32233970,0.23709591,2.41538458,-0.77999328,1.14182100,0.13944844,0.00000000,-1.00000000
0.28226445,0.42316298,2.14479276,-0.77999328,1.91328151,-1.52809653,0.00000000,-1.00000000
0.47548611,0.33652902,2.55494088,-0.77999328,0.05195161,0.08372180,0.00000000,-1.00000000
0.26401247,0.40838643,2.38076215,0.35243209,-0.84690121,-1.78267742,0.00000000,-1.00000000
0.25575534,0.41785397,2.46444799,-1.31854038,1.59418953,0.09314140,0.00000000,-1.00000000
0.25683392,0.41864493,2.46479554,-1.31590385,1.55766162,-0.00035953,0.00000000,-1.00000000
0.25969815,0.41803373,2.46431617,-1.32117691,1.56231150,-0.96226135,0.00000000,-1.00000000
0.25373001,0.41860898,2.46525094,-1.32515567,1.57183895,0.44333243,0.00000000,-1.00000000
0.25912291,0.41712293,2.46743207,-1.32917038,1.55929147,-1.23475866,0.00000000,-1.00000000
0.25936260,0.41688325,2.46196726,-1.31389050,1.57707606,-0.79043154,0.00000000,-1.00000000
0.25930267,0.41735063,2.46161972,-1.31347105,1.57053267,0.26441994,0.00000000,-1.00000000
0.25767282,0.41552903,2.46765977,-1.32520361,1.55878813,-1.25568312,0.00000000,-1.00000000
0.25069800,0.42450521,2.46703659,-1.34329979,1.57279769,0.45016344,0.00000000,-1.00000000
0.26069284,0.41937597,2.46517903,-1.32335804,1.56606256,0.19148395,0.00000000,-1.00000000
0.25008681,0.41690722,2.47097940,-1.32267493,1.53263855,-0.61326874,0.00000000,-1.00000000
0.26141190,0.40958485,2.43760333,-1.37037215,1.52169696,-0.19374896,1.00000000,-1.00000000
0.27031618,0.35856801,2.53021742,-1.35855570,1.66964221,-0.41667952,1.00000000,-1.00000000
0.25610289,0.36174383,2.52639445,-1.36688474,1.72856865,-0.44468665,1.00000000,-1.00000000
0.43355330,0.28046682,2.20673922,-1.37213383,1.18396952,2.17685056,1.00000000,-1.00000000
0.45337521,0.25461684,2.04684569,-1.01040199,1.32253112,2.18332205,1.00000000,-1.00000000
0.38070287,0.72957564,2.57228205,3.13999875,0.82677969,1.62310747,1.00000000,-1.00000000
0.53734868,0.15767645,1.32837943,0.15127687,1.97180048,-3.13999875,1.00000000,-1.00000000
0.36417663,0.67374114,0.89252515,0.27912458,1.99065166,-3.13999875,1.00000000,-1.00000000
0.40090828,1.23140308,-2.15438014,-2.03685085,-1.61184230,-1.02027699,1.00000000,-1.00000000
0.66042667,0.80371006,-1.66430923,-1.94162420,-1.56686550,-1.02306931,1.00000000,-1.00000000
0.26356906,1.35549973,-2.36100016,2.03295598,2.06691927,1.76702603,1.00000000,-1.00000000
0.25568344,-0.13453506,2.13143013,-0.42608691,1.57079633,-0.25551566,-2.00000000,-1.00000000
-0.16719192,-0.06866961,-0.94353001,1.20606843,2.20792566,2.00286359,1.00000000,-1.00000000
-0.16666462,0.17106283,-1.37649609,1.43787929,2.25217142,2.04796023,1.00000000,-1.00000000
-0.16791098,0.41934001,-1.79587205,1.56404921,2.22338531,1.98627742,1.00000000,-1.00000000
0.63421717,0.46320228,-0.54041664,-2.48310743,-1.53640160,-1.50808288,1.00000000,-1.00000000
-0.18367023,0.92379199,-1.88081624,-0.82083552,-2.30196587,-2.22078473,1.00000000,-1.00000000
0.25568344,-0.13453506,2.13143013,-0.42608691,1.57079633,-0.25551566,-2.00000000,-1.00000000
0.25568344,-0.13453501,2.13143020,-0.42608698,1.57078434,-0.25551566,-2.00000000,-1.00000000
-0.18367023,0.92379199,-1.88081624,-0.82083552,-2.30196587,-2.22078473,1.00000000,-1.00000000
-0.18230403,0.64223461,-1.60315373,-0.84607429,-2.30082737,-2.26270555,1.00000000,-1.00000000
-0.18007496,0.41693118,-1.31279993,-0.95679655,-2.31680234,-2.27389882,1.00000000,-1.00000000
0.08410529,0.53332198,-1.47543785,-1.98239453,-2.08642959,-1.21945481,1.00000000,-1.00000000
0.21051489,0.17186577,-0.93927561,-2.13020796,-2.04583902,-1.20331205,1.00000000,-1.00000000
0.57251039,-0.08357798,-0.32074580,-2.41453370,-1.84803939,-1.05546267,1.00000000,-1.00000000
0.52542437,0.01223589,1.40524624,2.56116069,-1.66194834,2.22037727,1.00000000,-1.00000000
0.76307155,-0.26542661,0.08536363,-1.64079618,-1.95631686,-2.18941003,1.00000000,-1.00000000
-0.29367343,0.91847100,-1.91474358,-1.08491990,-2.58330754,3.13999875,1.00000000,-1.00000000
0.26264627,0.41544514,2.42723698,-1.40346059,1.12300576,0.56364207,1.00000000,-1.00000000
0.25299897,0.42244393,2.43755539,-1.48520499,1.81044487,-0.73128939,1.00000000,-1.00000000
0.23656860,0.44432712,2.40715141,-1.86896384,0.97374224,2.37533330,1.00000000,-1.00000000
0.24953553,0.43549475,2.41021938,-2.04200407,1.11002685,-3.13999875,1.00000000,-1.00000000
0.27824973,0.42508046,2.41516886,-1.84018972,1.97430518,-2.35746504,1.00000000,-1.00000000
0.27969983,0.42095788,2.41234058,-1.90029061,1.94167213,-2.56152037,1.00000000,-1.00000000
0.27645210,0.41912430,2.40836182,-1.97991380,1.89126648,-2.84536658,1.00000000,-1.00000000
0.27991554,0.42069423,2.40405948,-2.04260328,1.79862843,3.13999875,1.00000000,-1.00000000
0.29228326,0.42067026,2.40624061,-2.09058811,1.68383154,2.87860339,1.00000000,-1.00000000
0.23285349,0.40709214,2.34655917,0.41155027,-2.03965516,1.84504333,1.00000000,-1.00000000
0.29767616,0.34997532,2.35505599,0.43883884,-0.80218148,-1.53846290,1.00000000,-1.00000000
0.32088961,0.67406471,2.54734288,3.13999875,1.20820162,2.04369384,1.00000000,-1.00000000
0.19831495,0.58719107,2.58789749,3.13999875,1.73916270,-2.04358598,1.00000000,-1.00000000
0.01940246,0.45113416,2.17423800,0.59299143,-2.86064657,1.70185581,1.00000000,-1.00000000
0.22198380,0.55338357,2.78410322,2.95939648,1.89037965,-1.40968041,1.00000000,-1.00000000
0.25568344,-0.03438274,2.26542597,-0.66042667,1.57061656,-0.25551566,-0.17507522,0.00684031,0.02098967
-0.66549599,0.66671838,1.79227679,-0.88818686,1.57061656,0.66567576,-0.46724040,88.27913285,88.27208143
-0.66549599,0.43790358,1.65631576,-0.52359079,1.57061656,0.66567576,-0.49848413,69.52166217,69.52271258
-0.41295242,0.20910076,1.99001650,-0.62830894,1.57061656,0.41312020,-0.34605268,59.71945907,59.71454518
-0.16232633,0.07086272,2.15740017,-0.65745458,1.57061656,0.16249411,-0.24678798,44.93607006,44.93357784
-0.01483647,0.01693371,2.21481659,-0.66112175,1.57061656,0.01519600,-0.20693642,32.30103378,32.31034334
0.46006241,-0.02861833,2.26002109,-0.66060643,1.57061656,-0.45988265,-0.19508535,26.27897609,26.27455447
0.68101556,0.03317233,2.19788288,-0.66024690,1.57061656,-0.68084779,-0.26121539,48.01481231,48.00901491
0.87055807,0.15342205,2.06069946,-0.64332518,1.57061656,-0.87039029,-0.35976729,60.98147761,60.97375347
1.04142914,0.35762126,1.78040042,-0.56740511,1.57061656,-1.04126137,-0.50470680,69.77489812,69.76095634
1.04142914,0.60824735,1.92020839,-0.95765941,1.57061656,-1.04126137,-0.47385724,88.29088991,88.28215169
0.25568344,-0.03438274,2.26542597,-0.66042667,1.57061656,-0.25551566,-0.17507522,0.00684031,0.02098967
-0.66549599,0.66671838,1.79227679,-0.88818686,1.57061656,0.66567576,-0.46724040,88.27913285,88.27208143
0.26465962,0.39931437,2.48452157,-1.54301689,0.91662543,1.03371130,3.00000000,-1.00000000
0.30735942,0.36879055,2.37889261,0.39389750,-1.93820891,1.58708289,3.00000000,-1.00000000
0.22060561,0.44791041,2.36402019,0.33248427,-0.95360515,-1.95815444,3.00000000,-1.00000000
0.23913337,0.45140980,2.37032389,0.45597202,-0.94590825,-2.52857841,3.00000000,-1.00000000
0.53555104,0.84462420,2.49189187,3.13999875,0.09638912,2.13443839,3.00000000,-1.00000000
0.14618358,0.76580396,-2.38224820,-1.20778217,-2.49953780,-2.65420621,3.00000000,-1.00000000
0.39217178,0.40570197,-2.74689866,2.96465570,2.38063033,-1.64400796,3.00000000,-1.00000000
0.40733182,0.36704086,-2.80624208,-3.14013104,2.34556448,-1.30178643,3.00000000,-1.00000000
0.19020163,0.61932077,2.79003542,3.13999875,2.46539475,-2.03886788,3.00000000,-1.00000000
0.62035142,0.12517523,-2.82435533,-2.89773819,0.29575416,1.24828272,3.00000000,-1.00000000
0.24819330,0.41636793,2.47560531,-1.43936533,1.40908120,0.50777161,6.00000000,-1.00000000
0.24761805,0.41602038,2.47729508,-1.45282437,1.52411777,0.45544917,6.00000000,-1.00000000
0.24809742,0.41620015,2.47703143,-1.44909026,1.54583319,0.41574546,6.00000000,-1.00000000
0.23980434,0.41307226,2.48448562,-1.53359493,1.59971426,0.82120010,6.00000000,-1.00000000
0.26533074,0.44852160,2.32381311,0.37044081,-1.75249919,1.87467207,6.00000000,-1.00000000
0.25888323,0.41210154,2.47401141,-1.41902811,1.53761201,-0.79063527,6.00000000,-1.00000000
0.23823441,0.43832303,2.43388822,0.27999943,-1.07070662,-3.13999875,6.00000000,-1.00000000
0.49896320,0.36011397,2.43654872,-0.25140738,-0.00236386,-0.77718919,6.00000000,-1.00000000
0.30858181,0.35657856,2.52167267,-1.81269838,0.83261601,3.13999875,6.00000000,-1.00000000
-0.03375956,0.48061536,2.25970950,-0.26217968,3.13999875,0.87818083,6.00000000,-1.00000000
0.31641949,0.36817936,2.51859272,-1.85027402,0.61164652,2.13561591,6.00000000,-1.00000000
0.47938098,0.93992276,2.20522921,-2.25115276,0.00000000,-2.27859663,6.00000000,-1.00000000
0.20157466,0.61266953,2.78998748,3.13999875,2.20288030,1.62792513,6.00000000,-1.00000000
0.21601565,0.63141286,2.78998748,3.13999875,2.04740895,1.65075508,6.00000000,-1.00000000
0.25261548,0.42569165,2.43942493,0.27648805,-1.46036169,-3.13998677,7.00000000,-1.00000000
0.25755298,0.41165813,2.47150670,-1.53416055,2.00794490,-1.29900609,7.00000000,-1.00000000
0.25751702,0.41183789,2.47132694,-1.53466389,0.87149284,1.30092357,7.00000000,-1.00000000
0.25526399,0.42329481,2.44481783,-1.88710796,1.46364537,3.13999875,7.00000000,-1.00000000
0.24955950,0.43043741,2.41013549,0.30112762,-1.52668239,3.04931412,7.00000000,-1.00000000
0.24860076,0.42985018,2.41015945,0.30257771,-1.44044391,-3.07346234,7.00000000,-1.00000000
0.25708559,0.41254496,2.46883422,-1.57236626,2.01080913,-1.28851989,7.00000000,-1.00000000
0.25712155,0.41247305,2.46888216,-1.57213856,0.87572487,1.29435625,7.00000000,-1.00000000
0.25625868,0.42215631,2.44378719,-1.59337604,1.47523412,-0.00133775,7.00000000,-1.00000000
0.25628265,0.42237347,2.44337973,-1.59735344,1.39045768,0.12213373,7.00000000,-1.00000000
0.25568344,0.41975946,2.46405251,-2.58299595,1.58683122,-3.04434067,8.00000000,-1.00000000
0.25571939,0.41975946,2.46405251,-2.53077570,1.79703452,-2.70303346,8.00000000,-1.00000000
0.25568344,0.41975946,2.46405251,-2.43396013,1.30538170,2.81418363,8.00000000,-1.00000000
0.25568344,0.41975946,2.46405251,-2.43249805,1.87646597,-2.54065568,8.00000000,-1.00000000
0.25568344,0.41975946,2.46405251,-2.41970851,1.70489980,-2.85285401,8.00000000,-1.00000000
0.25568344,0.41975946,2.46405251,-2.41316750,1.43451172,3.02261536,8.00000000,-1.00000000
0.25568344,0.41975946,2.46405251,-2.40600093,1.13866915,2.49842327,8.00000000,-1.00000000
0.25568344,0.41969954,2.46402855,-2.38689946,1.34863277,2.97759630,8.00000000,-1.00000000
0.25568344,0.41973244,2.46404053,-2.34853352,1.77027375,-2.77703617,8.00000000,-1.00000000
0.25568344,0.41968756,2.46404053,-2.29867122,1.95698797,-2.37823825,8.00000000,-1.00000000
0.25568344,0.41974748,2.46405251,-2.13782579,2.03679093,-2.06129957,8.00000000,-1.00000000
0.25568344,0.41975946,2.46405251,-1.90812829,1.14717794,-0.69323947,9.00000000,-1.00000000
0.25568344,0.41975946,2.46405251,-2.31140944,1.22277444,-1.31972682,9.00000000,-1.00000000
0.25568344,0.41975946,2.46405251,-2.33475471,1.20020814,-1.53979314,9.00000000,-1.00000000
0.25568344,0.41975946,2.46405251,-2.41815293,1.21311515,-1.71771094,9.00000000,-1.00000000
0.25568344,0.41977145,2.46405251,-2.47731441,1.22300214,-1.84273954,9.00000000,-1.00000000
0.25568344,0.41975946,2.46405251,-2.49457634,1.81676056,2.15750803,9.00000000,-1.00000000
0.25568344,0.41975946,2.46405251,-2.49074138,1.83503650,2.22288197,9.00000000,-1.00000000
0.25568344,0.41975946,2.46405251,-2.42693737,1.82143441,2.00795688,9.00000000,-1.00000000
0.25568344,0.41975946,2.46405251,-2.51521317,1.85851360,2.38168494,9.00000000,-1.00000000
0.25568344,0.41975946,2.46405251,-2.35204795,1.80593880,1.75324417,9.00000000,-1.00000000
0.25568344,0.41975946,2.46405251,-2.28349818,1.42376187,-1.95934887,9.00000000,-1.00000000
0.25568344,0.41975946,2.46405251,-2.22048791,1.42528387,-1.82959636,9.00000000,-1.00000000
0.25568344,0.41975946,2.46405251,-2.33745016,1.40245392,-2.12418694,9.00000000,-1.00000000
0.25568344,0.41975946,2.46405251,-2.44707231,1.15060543,3.13999875,9.00000000,-1.00000000
0.25568344,0.41975946,2.46405251,-2.38458513,1.86288784,-3.13999875,9.00000000,-1.00000000
0.37076795,0.46918241,2.31814458,0.51578906,-0.83846431,-2.58310380,9.00000000,-1.00000000
0.12494753,0.55718257,2.25209951,0.41724277,-2.04027834,2.86564389,9.00000000,-1.00000000
0.24821727,0.42366632,-1.24993069,2.27160983,0.80469277,-1.43793921,10.00000000,-1.00000000
0.43539888,0.71363662,2.63029768,-2.37800578,1.54828995,-0.59530439,10.00000000,-1.00000000
0.40192693,0.66729363,2.59603478,-2.21675803,1.57724384,-0.75856548,10.00000000,-1.00000000
0.41359957,0.69714633,2.63569058,-2.34255644,1.54082378,-0.30909713,10.00000000,-1.00000000
0.44408744,0.73808444,2.65848458,-2.53087655,1.50201886,0.05304218,10.00000000,-1.00000000
0.46345395,0.73772492,2.66750870,-2.58051521,1.36920968,0.29173199,10.00000000,-1.00000000
0.25568344,-0.13454689,2.13140660,-0.42606316,1.57079633,-0.25551566,-2.00000000,-1.00000000
0.25943450,0.43525506,0.00000000,1.01067762,1.39839127,-0.58164237,10.00000000,-1.00000000
0.25518010,0.43602205,0.00002397,0.88327333,1.28294723,-0.49665025,10.00000000,-1.00000000
0.25568344,-0.13454689,2.13140685,-0.42606316,1.57079633,-0.25551566,-2.00000000,-1.00000000
0.26251445,0.34594862,-0.50000583,-2.55492889,-1.41048335,2.39625775,10.00000000,-1.00000000
0.25981800,0.35110184,-0.50000583,-2.56791979,-1.46005010,2.27567248,10.00000000,-1.00000000
0.37332059,0.56728527,2.56268269,-1.95363239,1.56629026,-0.80834795,10.00000000,-1.00000000
0.40012930,0.60008609,2.59416524,-2.10567625,1.51483000,-0.68166271,10.00000000,-1.00000000
0.41310822,0.62317970,2.61976355,-2.23003655,1.45094209,-0.39012247,10.00000000,-1.00000000
-0.00227700,0.77697325,2.46429220,-2.68772609,1.54801432,1.04899169,10.00000000,-1.00000000
-0.01448893,0.80254759,2.47036820,-2.75866072,1.59522018,0.85610509,10.00000000,-1.00000000
-0.01716141,0.80531595,2.49099305,-2.79028708,1.61900886,0.63099341,10.00000000,-1.00000000
-0.01474060,0.81082869,2.49603841,-2.80513554,1.64436748,0.47938098,10.00000000,-1.00000000
-0.03363972,0.82879304,2.48665476,-2.90758868,1.71437933,0.34224549,10.00000000,-1.00000000
-0.02921754,0.81451983,2.49726080,-2.90827178,1.75105105,0.11598333,10.00000000,-1.00000000
-0.06309694,0.86222903,2.44236107,3.13999875,1.97181246,-0.08499212,10.00000000,-1.00000000
-0.05522331,0.84287451,2.46274623,-2.96458565,2.16914471,-0.28734576,10.00000000,-1.00000000
0.25568344,-0.13455888,2.13139440,-0.42603920,1.57079633,-0.25551566,-2.00000000,-1.00000000
0.26251445,0.34594862,-0.50000583,-2.55492889,-1.41048335,2.39625775,10.00000000,-1.00000000
0.25981800,0.35110184,-0.50000583,-2.56791979,-1.46005010,2.27567248,10.00000000,-1.00000000
0.25568344,0.41975946,1.84968122,1.86240847,-1.04281931,-1.08855112,11.00000000,-1.00000000
0.25568344,0.41975946,1.90512025,2.53026536,-1.35136517,-2.43261789,11.00000000,-1.00000000
0.25641448,0.42195257,1.74232654,-3.13999875,-1.52635882,-1.26549820,11.00000000,-1.00000000
0.25643844,0.42195257,1.75326814,-3.13999875,-1.47771485,-1.41695483,11.00000000,-1.00000000
0.25568344,0.41975946,2.00377439,-0.22164824,1.02938500,2.10295583,11.00000000,-1.00000000
0.25568344,0.41975946,2.00461328,-0.24245285,1.25842750,2.56509151,11.00000000,-1.00000000
0.25568344,0.41975946,2.09414743,-0.59946291,2.00904745,-2.14895129,11.00000000,-1.00000000
0.27017237,0.45403434,1.41720650,-3.13999875,-2.36906562,1.41087883,11.00000000,-1.00000000
0.25407755,0.41379132,2.78998748,3.13999875,1.32044587,1.76346671,11.00000000,-1.00000000
0.25407755,0.41085518,2.75869667,3.13999875,1.33341280,2.09312877,11.00000000,-1.00000000
0.28226445,0.28849625,-2.78998748,2.92602042,2.19612120,-0.09190702,11.00000000,-1.00000000
0.20802218,0.67202740,2.78998748,3.13999875,2.44576459,-1.73535172,11.00000000,-1.00000000
0.28937109,0.25929069,-2.78998748,-3.13999875,2.09709555,-0.10097908,11.00000000,-1.00000000
0.18767296,0.88574208,2.69283137,3.13999875,2.43663261,-1.00132993,11.00000000,-1.00000000
0.25568344,0.41975946,1.84177164,1.63909442,-1.28893934,-0.34858515,11.00000000,-1.00000000
0.25568344,0.41975946,1.83320292,1.70958662,-1.21952771,-0.51625644,11.00000000,-1.00000000
0.25568344,0.41975946,1.82450237,1.84527076,-1.13314613,-0.80556761,11.00000000,-1.00000000
0.25568344,0.41975946,1.85318062,1.57432494,-1.60699499,0.17975139,11.00000000,-1.00000000
0.25538383,0.42040661,1.94388922,2.41882405,-1.50167132,-2.78320441,11.00000000,-1.00000000
0.25570741,0.41975946,1.94747250,2.47273273,-1.75392863,3.13551665,11.00000000,-1.00000000
0.25568344,0.41975946,2.07572767,-0.55635566,1.08116883,2.33140134,11.00000000,-1.00000000
0.25568344,0.41975946,2.07608720,-0.55687098,1.07790912,2.32536414,11.00000000,-1.00000000
0.25567145,0.41977145,2.06966366,-0.54852996,1.15501563,2.47534596,11.00000000,-1.00000000
0.25568344,0.41975946,2.06890865,-0.54788281,1.16842598,2.49516815,11.00000000,-1.00000000
0.25568344,0.41975946,2.08767595,-0.57532669,1.00142580,2.16100748,11.00000000,-1.00000000
0.25568344,0.41975946,2.06626014,-0.55050736,1.26324516,2.65785077,11.00000000,-1.00000000
0.25568344,0.41975946,2.06622418,-0.55099871,1.26813473,2.66964227,11.00000000,-1.00000000
0.25737321,0.42394196,1.62302358,-3.13999875,-1.45269189,-1.44297258,11.00000000,-1.00000000
0.25746909,0.42371426,1.63484002,-3.14001074,-1.42926840,-1.56571509,11.00000000,-1.00000000
0.25744512,0.42454117,1.61005665,-3.13999875,-1.48681363,-1.31700640,11.00000000,-1.00000000
0.25568344,0.41975946,2.07999406,-0.63710536,1.57967664,-3.13999875,11.00000000,-1.00000000
0.25568344,0.41975946,2.53863035,-1.61374779,1.60378890,-0.13892114,11.00000000,-1.00000000
0.25568344,0.41972351,2.57898123,-1.78696778,1.64301327,-0.08303869,11.00000000,-1.00000000
0.26100443,0.43071304,1.65789767,-3.13999875,-1.87027012,3.13999875,11.00000000,-1.00000000
0.25576733,0.41895652,2.62404192,-1.95146325,1.98289787,-0.58661582,11.00000000,-1.00000000
0.25434121,0.41640388,2.78998748,3.13999875,1.45293147,1.23966021,11.00000000,-1.00000000
0.25429327,0.41452236,2.78998748,3.13999875,1.38089430,1.46412474,11.00000000,-1.00000000
0.25380192,0.41218543,2.59454874,-2.89901996,1.77541498,-3.06036358,11.00000000,-1.00000000
0.23884560,0.51550143,-0.09739580,-1.49060988,-1.53422047,-1.51053964,11.00000000,-1.00000000
0.20709939,0.48433047,2.78998748,3.13999875,2.10462164,-1.55454572,11.00000000,-1.00000000
0.24420255,0.49847185,-2.40074008,2.27276241,2.01177985,0.00202533,11.00000000,-1.00000000
0.24397485,0.49123338,-2.39509576,2.25205158,1.88117577,0.11526428,11.00000000,-1.00000000
0.25568344,-0.13454689,2.13140670,-0.42606316,1.57079633,-0.25551566,-2.00000000,-1.00000000
0.25568344,0.41975946,2.13971145,-0.86786161,1.17245268,2.54969179,11.00000000,-1.00000000
0.25568344,0.41975946,2.13793779,-0.86487754,1.18819995,2.57654843,11.00000000,-1.00000000
0.25568344,0.41975946,2.13286846,-0.85872964,1.25092538,2.67945697,11.00000000,-1.00000000
0.25568344,0.41975946,2.16195417,-0.91280246,1.05365305,2.32589837,11.00000000,-1.00000000
0.25561153,0.41972351,2.12995629,-0.86686692,1.36297788,2.85219759,11.00000000,-1.00000000
0.25855965,0.42772897,1.46739643,-3.13999875,-1.45523245,-1.33347272,11.00000000,-1.00000000
0.25568344,0.41975946,2.53848654,-1.61330437,1.60531100,-0.14153370,11.00000000,-1.00000000
0.27496606,0.42921501,1.35515218,-3.13999875,-1.27035486,-1.44431482,11.00000000,-1.00000000
0.24035561,0.43246274,-1.50606953,1.64374430,1.75586871,0.02354900,11.00000000,-1.00000000
0.24123046,0.46393331,-1.55007560,1.75584474,1.88384825,0.06221011,11.00000000,-1.00000000
0.25452097,0.41900446,2.01609417,-0.14937138,1.78230591,-1.39260289,12.00000000,-1.00000000
0.25563550,0.41941192,1.93106610,0.17536516,1.15565079,0.96686330,12.00000000,-1.00000000
0.25571939,0.41983137,2.51497349,-1.47990797,1.39690522,-0.41153828,12.00000000,-1.00000000
0.25568344,0.41975946,2.12952486,-0.82319641,1.10250075,3.13999875,12.00000000,-1.00000000
0.25568344,0.41975946,2.15205520,-0.96834934,1.85639239,-3.13999875,12.00000000,-1.00000000
-0.02803110,0.54715177,1.77012994,1.14251608,-3.13992685,-0.01434512,12.00000000,-1.00000000
0.25936260,0.42045455,2.78998748,3.13999875,1.00909571,-1.15680128,12.00000000,-1.00000000
0.34410305,0.27826172,-2.79008403,-2.88112751,0.67962539,-1.08508768,12.00000000,-1.00000000
0.33018936,0.30576551,-2.79031331,3.13999875,0.64171929,-1.02191883,12.00000000,-1.00000000
0.58599265,0.10531737,-1.37342813,-1.36517100,-2.33881736,-0.50351721,12.00000000,-1.00000000
0.25568344,-0.13454689,2.13140685,-0.42606316,1.57079633,-0.25551566,-2.00000000,-1.00000000
0.25452097,0.41900446,2.01609417,-0.14939535,1.78230591,-1.39259090,12.00000000,-1.00000000
0.25563550,0.41941192,1.93106610,0.17536516,1.15565079,0.96686330,12.00000000,-1.00000000
0.25571939,0.41983137,2.51498547,-1.47998293,1.39690522,-0.41167012,12.00000000,-1.00000000
0.25568344,0.41975946,2.12952486,-0.82319641,1.10250075,3.13999875,12.00000000,-1.00000000
0.25568344,0.41975946,2.15205520,-0.96834934,1.85639239,-3.14016675,12.00000000,-1.00000000
-0.02803110,0.54715177,1.77012994,1.14255203,-3.13992685,-0.01423716,12.00000000,-1.00000000
0.58580090,0.10408299,-1.37292479,-1.36871833,-2.33831403,-0.51565723,12.00000000,-1.00000000
0.54556985,1.02685633,2.04042215,-3.13999875,-0.06572149,-1.09290139,12.00000000,-1.00000000
0.25568344,-0.13454689,2.13140685,-0.42606316,1.57079633,-0.25551566,-2.00000000,-1.00000000
0.25502431,0.41829739,2.05304154,-0.36363734,1.82903241,-1.71011294,12.00000000,-1.00000000
0.25393374,0.41870485,1.92125102,0.14657905,1.09462712,1.07180193,12.00000000,-1.00000000
0.25561153,0.42061034,2.22378079,-1.23561024,1.35958635,-2.67019875,12.00000000,-1.00000000
0.25568344,0.41975946,2.16786240,-1.03632386,1.20273681,3.13999875,12.00000000,-1.00000000
0.25461684,0.41992724,2.09713150,-0.77902256,1.21257586,3.13999875,12.00000000,-1.00000000
0.25193238,0.41703904,1.60913386,-3.13999875,-1.39732467,1.64441542,12.00000000,-1.00000000
0.25568344,0.41975946,2.51943162,-1.52450125,1.59586056,0.06392379,12.00000000,-1.00000000
0.25728932,0.42185670,2.15678897,-1.07080248,1.74930136,-3.13999875,12.00000000,-1.00000000
0.25568344,-0.13454689,2.13140685,-0.42606316,1.57079633,-0.25551566,-2.00000000,-1.00000000
0.25570741,0.41975946,-0.49985004,1.51183394,2.13682325,1.25242341,13.00000000,-1.00000000
0.25568344,0.41975946,-0.50000583,1.46895438,2.12849422,1.14988638,13.00000000,-1.00000000
0.25568344,-0.13454689,2.13140670,-0.42606316,1.57079633,-0.25551566,-2.00000000,-1.00000000
0.25568344,-0.13454689,2.13140685,-0.42606316,1.57079633,-0.25551566,-2.00000000,-1.00000000
0.25570741,0.41975946,-1.14234899,1.98738000,1.92650011,1.40994428,13.00000000,-1.00000000
0.25568344,0.41975946,-1.11888319,1.98168746,1.92387556,1.42929858,13.00000000,-1.00000000
0.25568344,0.41975946,-1.05312431,1.84493571,1.95491470,1.36429615,13.00000000,-1.00000000
0.25568344,-0.13454689,2.13140685,-0.42606316,1.57079633,-0.25551566,-2.00000000,-1.00000000
0.25568344,0.41975946,-0.49988599,1.49341419,1.71651252,1.20731479,13.00000000,-1.00000000
0.25568344,0.41975946,-0.50000583,1.48947138,1.70669744,1.63273080,13.00000000,-1.00000000
0.25568344,0.41975946,-0.49999385,1.57808274,1.70784792,0.85423555,13.00000000,-1.00000000
0.25568344,0.41975946,-0.19866826,1.34036906,1.73300281,0.71175205,13.00000000,-1.00000000
0.25568344,0.41975946,-0.00516520,1.16363229,1.70631394,1.35073016,13.00000000,-1.00000000
0.25568344,0.41975946,0.01140898,1.04304701,1.66821609,0.92047204,13.00000000,-1.00000000
0.25568344,0.41977145,-0.25514415,1.09045661,1.39564688,1.34889642,13.00000000,-1.00000000
0.25549169,0.42034669,0.00207114,1.36115322,1.55018347,1.03574357,13.00000000,-1.00000000
0.25580328,0.41968756,0.08285893,1.14623104,1.74848650,0.36740023,13.00000000,-1.00000000
0.25568344,0.41975946,0.10392720,1.17085877,1.67994865,1.62457452,13.00000000,-1.00000000
0.17154220,1.56983759,-1.22438032,1.52215236,1.57042482,0.15637017,14.00000000,-1.00000000
0.18032663,1.57073950,-1.22208059,1.55805084,1.83178878,-0.40541434,14.00000000,-1.00000000
0.25568344,-0.13454689,2.13140660,-0.42606316,1.57079633,-0.25551566,-2.00000000,-1.00000000
0.22444056,0.77999328,0.46303450,0.33439583,1.68331621,-0.18821225,14.00000000,-1.00000000
0.25568344,-0.13454689,2.13140685,-0.42606316,1.57079633,-0.25551566,-2.00000000,-1.00000000
0.14424213,-0.51390753,2.04592291,-0.43684897,1.72486552,0.31083484,14.00000000,-1.00000000
0.14542857,-0.51039615,1.99047190,-0.43106059,1.53841189,0.63682390,14.00000000,-1.00000000
0.15101322,-0.47620516,2.13667192,-0.61150255,1.55410230,0.58643606,14.00000000,-1.00000000
0.15030615,-0.45389053,2.14595523,-0.42472086,1.85048600,-0.03921242,14.00000000,-1.00000000
0.14197711,-0.52018727,1.79885027,-0.16398987,1.73053406,0.49168888,14.00000000,-1.00000000
0.14993464,-0.47592952,1.85815407,-0.30580147,1.43102349,1.06126305,14.00000000,-1.00000000
0.17321999,-0.38440600,2.24305215,-0.60432851,1.78807483,-0.19141673,14.00000000,-1.00000000
0.20103537,-0.09852111,2.36091627,-0.96842124,1.74184717,-0.24947561,14.00000000,-1.00000000
0.14974289,-0.48926181,1.84652721,-0.28239411,1.75328012,-0.71809264,14.00000000,-1.00000000
0.15941416,-0.33046500,1.68217771,-0.17989520,1.89043957,-1.86638022,14.00000000,-1.00000000
0.17686319,-0.27530161,1.71977223,-0.28420589,1.84693684,-2.49620687,14.00000000,-1.00000000
0.20386365,-0.18579144,1.99907825,-0.75695983,1.66181648,-2.97658354,14.00000000,-1.00000000
