q1,q2,q3,q4,q5,q6,index,obj,alpha_6,a_6,theta_6,d_6,theta_5,a_5,alpha_5,d_5,alpha_4,a_4,theta_4,a_3,alpha_3,theta_3,d_4,beta_3,alpha_2,a_2,theta_2,beta_2,alpha_1,a_1,d_1,theta_1
107.958,0.435,139.056,-62.527,56.792,-236.114,a_6,-0.702,-0.470,1.516,1.984,-0.037,-0.332,-0.193,0.263,0.080,-0.055,-0.198,0.046,0.131,-0.020,-0.039,0.032,0.235,0.068,0.074,0.039,-0.203,-0.055,-0.011,0.000,-0.000
107.891,0.383,139.112,-62.380,57.058,123.344,a_6,-0.702,-0.487,1.509,1.975,-0.031,-0.320,-0.189,0.260,0.078,-0.046,-0.197,0.043,0.129,-0.020,-0.044,0.031,0.230,0.067,0.075,0.037,-0.207,-0.051,-0.010,0.000,-0.000
107.826,1.203,138.389,-63.209,57.188,-230.807,a_6,-0.702,-0.475,1.536,2.010,-0.048,-0.362,-0.197,0.276,0.087,-0.129,-0.203,0.060,0.108,-0.019,-0.014,0.030,0.220,0.056,0.061,0.039,-0.169,-0.055,-0.011,-0.000,-0.000
108.090,-1.494,140.796,-60.757,56.823,110.331,a_6,-0.700,-0.475,1.449,1.897,-0.001,-0.237,-0.174,0.213,0.062,0.090,-0.183,0.004,0.167,-0.022,-0.110,0.035,0.242,0.091,0.108,0.036,-0.276,-0.047,-0.008,0.000,-0.000
105.117,-0.315,138.580,-61.207,114.222,244.840,a_6,-0.680,-0.478,-1.109,-1.452,-0.015,0.324,0.143,0.198,0.078,0.094,-0.189,0.076,-0.149,-0.027,-0.138,-0.012,-0.173,0.039,0.083,-0.005,0.009,0.020,-0.006,0.000,-0.000
106.749,5.728,128.222,-58.439,71.546,48.924,a_6,-0.672,0.300,-0.990,-1.296,-0.181,0.107,-0.179,-0.149,0.157,0.123,0.196,0.135,0.061,0.123,0.083,-0.010,-0.263,-0.033,0.007,0.026,-0.202,-0.090,0.002,0.000,-0.000
106.867,5.565,128.342,-59.626,70.653,-305.274,a_6,-0.671,0.333,-1.042,-1.364,-0.189,0.123,-0.191,-0.145,0.175,0.157,0.209,0.147,0.062,0.123,0.066,-0.011,-0.254,-0.029,0.006,0.031,-0.218,-0.105,0.003,0.000,-0.000
106.602,5.870,128.048,-57.537,72.014,44.889,a_6,-0.671,0.292,-0.947,-1.239,-0.180,0.090,-0.170,-0.145,0.145,0.080,0.187,0.130,0.049,0.123,0.098,-0.008,-0.278,-0.036,0.009,0.021,-0.177,-0.073,0.001,0.000,-0.000
105.683,5.642,129.548,-65.923,101.398,-66.633,a_6,-0.573,0.534,0.693,0.907,-0.263,0.052,0.109,-0.183,0.243,-0.212,0.265,0.185,-0.098,0.099,0.057,0.003,-0.294,-0.021,0.005,-0.010,0.042,0.030,0.000,0.000,-0.000
105.739,5.740,129.055,-64.039,101.091,-63.088,a_6,-0.573,0.503,0.660,0.864,-0.250,0.054,0.105,-0.162,0.222,-0.180,0.250,0.183,-0.090,0.107,0.071,0.002,-0.309,-0.025,0.007,-0.007,0.027,0.023,0.000,0.000,-0.000
104.470,13.447,119.893,-51.747,101.905,296.092,a_6,-0.524,0.425,0.727,0.951,-0.117,0.111,0.075,0.142,0.049,-0.200,0.139,0.262,0.024,0.126,0.551,0.023,-0.503,-0.173,0.124,-0.028,0.129,0.098,0.004,0.000,-0.000
105.860,4.157,136.371,57.089,-90.673,288.138,theta_5,-3.082,-0.874,-1.301,-1.703,0.028,-7.285,-1.880,0.013,0.052,0.489,0.557,-0.009,-0.001,-0.007,-0.021,-0.000,-0.085,0.007,0.004,0.000,0.109,0.002,-0.001,0.000,-0.000
105.289,4.705,136.098,56.503,-81.355,-283.824,theta_5,-3.048,-0.475,1.389,1.818,-0.083,7.253,1.821,0.034,0.084,-0.517,0.739,-0.053,0.006,-0.006,-0.114,-0.004,0.007,0.009,0.003,-0.019,-0.051,0.028,0.010,-0.000,-0.000
106.229,0.786,137.957,70.709,-119.218,117.591,theta_5,-2.327,0.397,0.101,0.132,-0.270,-5.606,-1.632,-0.188,0.271,0.931,1.214,-0.121,0.001,-0.062,-0.326,0.003,-0.265,0.077,0.039,0.004,0.313,-0.020,0.004,0.000,-0.000
105.526,3.913,137.048,72.116,-56.057,-140.957,theta_5,-2.294,0.523,-0.147,-0.192,-0.352,5.830,1.559,0.152,0.236,-1.247,1.346,-0.118,0.003,0.071,-0.143,-0.003,0.042,0.036,0.011,-0.015,-0.126,0.032,0.004,0.000,-0.000
103.775,-4.033,138.974,51.936,-110.357,-360.000,theta_5,-2.278,-0.146,-1.552,-2.031,-0.089,-6.294,-1.719,-0.700,0.214,-0.524,0.912,0.066,-0.035,0.048,-0.208,-0.019,-0.716,0.038,0.081,-0.007,0.734,0.089,-0.030,0.000,-0.000
103.301,-4.226,140.630,47.994,-69.328,360.000,theta_5,-2.000,0.109,1.779,2.329,-0.099,6.291,1.650,-0.849,0.257,0.330,0.922,-0.300,0.008,-0.183,-0.808,-0.026,0.596,0.247,0.091,-0.072,-1.308,0.110,0.034,0.000,-0.000
105.93,-10.52,117.31,-16.77,90,-15.93,LINEAR,,,,,,,,,,,,,,,,,,,,,,,,,
105.270,5.612,133.226,64.334,-87.424,-180.733,alpha_5,-3.081,0.423,-0.035,-0.046,-0.730,0.087,-0.073,5.726,-1.109,0.335,1.246,0.213,0.024,0.028,0.051,0.002,-0.142,-0.017,0.000,-0.030,0.102,0.093,-0.000,-0.000,-0.000
104.043,10.468,121.203,138.292,-93.633,166.119,alpha_5,-2.806,0.003,0.019,0.024,-0.000,-0.056,-0.062,-6.557,1.931,-0.304,0.519,0.996,-0.476,-0.085,0.080,-0.032,0.152,-0.026,-0.094,-0.021,0.009,0.041,-0.001,0.000,-0.000
105.625,5.965,118.954,145.049,-90.555,355.553,alpha_5,-2.512,-1.217,0.160,0.209,0.000,-0.616,-0.183,-7.195,1.923,-0.201,0.518,1.651,-0.397,-0.130,0.022,-0.005,0.385,-0.006,-0.016,-0.003,-0.004,0.007,-0.000,0.000,-0.000
105.529,6.443,118.564,144.965,-90.505,-5.142,alpha_5,-2.512,-1.217,0.168,0.220,0.000,-0.631,-0.186,-7.194,1.923,-0.184,0.518,1.651,-0.393,-0.130,0.032,-0.007,0.384,-0.009,-0.024,-0.004,0.000,0.009,-0.001,-0.000,-0.000
105.240,7.232,117.858,144.771,-91.884,-360.000,alpha_5,-2.511,-1.214,0.094,0.123,0.000,-0.554,-0.173,-7.199,1.924,-0.195,0.520,1.657,-0.439,-0.130,0.048,-0.012,0.368,-0.014,-0.037,-0.007,-0.004,0.015,-0.001,0.000,-0.000
105.992,3.922,136.043,-97.394,86.639,-178.859,d_5,-1.494,0.782,-0.070,-0.092,-0.286,0.184,-0.042,-0.613,0.749,-0.008,0.289,-0.061,-0.037,0.011,-0.156,0.000,-0.030,0.052,0.002,0.003,-0.004,-0.009,0.000,0.000,-0.000
105.835,5.123,131.426,107.615,-88.279,180.086,d_5,-0.958,-0.650,0.248,0.324,0.395,-0.846,-0.251,-5.184,1.704,-0.076,0.909,0.424,-0.059,-0.043,0.002,-0.002,0.116,-0.000,-0.001,-0.001,-0.009,0.002,-0.000,0.000,-0.000
106.436,3.962,126.924,139.121,-90.091,179.674,d_5,-0.921,0.001,0.271,0.355,-0.000,-0.881,-0.261,-6.484,1.914,-0.026,0.518,0.967,-0.117,-0.088,-0.032,0.008,0.270,0.008,0.019,0.005,0.026,-0.011,0.001,0.000,-0.000
106.415,3.957,127.078,136.972,-90.051,179.580,d_5,-0.921,-0.049,0.269,0.352,0.033,-0.902,-0.267,-6.402,1.904,-0.022,0.551,0.951,-0.111,-0.087,-0.032,0.008,0.265,0.008,0.019,0.005,0.024,-0.010,0.001,0.000,-0.000
105.899,4.677,138.112,-107.103,89.756,354.620,d_5,-0.643,0.484,-0.005,-0.007,-0.676,0.301,-0.001,-1.448,0.612,-0.010,0.676,-0.161,0.028,-0.027,-0.053,0.000,0.069,0.018,-0.002,-0.001,0.013,0.004,-0.000,0.000,-0.000
105.863,4.734,138.010,-105.194,90.545,-7.916,d_5,-0.643,0.476,0.035,0.046,-0.656,0.296,0.003,-1.394,0.592,-0.010,0.656,-0.149,0.031,-0.027,-0.046,0.000,0.064,0.015,-0.002,-0.003,0.019,0.009,-0.000,0.000,-0.000
105.536,5.675,127.178,76.555,-75.795,-136.929,d_5,-0.528,0.565,-0.808,-1.058,-0.693,-0.742,-0.228,6.057,-1.235,0.462,1.181,0.548,0.098,0.120,0.075,0.002,-0.336,-0.023,0.002,-0.017,0.051,0.054,-0.001,-0.000,-0.000
112.614,-8.138,119.088,-180.000,-81.123,-151.156,d_5,-0.475,0.323,0.722,0.945,-0.291,-1.170,-0.323,-5.629,1.772,-0.004,0.776,2.416,-0.446,-0.001,-1.037,0.095,0.437,0.383,0.183,0.185,0.086,-0.420,0.021,0.000,-0.000
112.536,-7.955,118.978,-180.000,-82.014,205.164,d_5,-0.475,0.354,0.675,0.883,-0.295,-1.150,-0.323,-5.603,1.769,-0.011,0.784,2.420,0.001,-0.457,-1.025,0.094,0.431,0.379,0.180,0.184,0.079,-0.419,0.021,0.000,-0.000
105.930,5.060,135.920,-83.137,64.477,-119.741,alpha_4,-5.338,0.054,1.397,1.829,-0.383,-0.826,-0.204,-0.407,0.370,-1.974,0.000,-0.000,-0.000,0.000,-0.000,0.000,-0.000,-0.000,-0.000,-0.000,-0.000,-0.000,-0.000,-0.000,-0.000
105.930,5.060,135.920,-87.267,63.001,-134.545,alpha_4,-5.325,0.186,1.567,2.051,-0.399,-0.827,-0.220,-0.546,0.432,-2.193,0.000,-0.000,-0.000,-0.000,-0.000,-0.000,-0.000,-0.000,-0.000,-0.000,-0.000,-0.000,0.000,0.000,-0.000
105.930,5.060,135.920,-78.348,66.201,-105.960,alpha_4,-5.323,-0.040,1.188,1.556,-0.363,-0.796,-0.186,-0.256,0.303,-1.701,0.000,-0.000,-0.000,0.000,0.000,-0.000,-0.000,-0.000,-0.000,-0.000,0.000,0.000,0.000,0.000,-0.000
105.930,5.060,135.920,-89.865,61.783,-147.652,alpha_4,-5.297,0.326,1.659,2.171,-0.412,-0.813,-0.234,-0.639,0.474,-2.311,0.000,0.000,-0.000,-0.000,0.000,0.000,0.000,-0.000,0.000,-0.000,-0.000,-0.000,-0.000,0.000,-0.000
105.929,5.059,135.920,-88.178,109.843,147.222,alpha_4,-5.219,-0.079,-1.619,-2.119,-0.306,0.925,0.144,-0.425,0.380,2.194,0.000,0.000,-0.000,0.000,-0.000,-0.000,-0.000,0.000,0.000,-0.000,0.000,0.000,-0.000,0.000,-0.000
105.934,5.058,135.922,-90.179,111.540,164.098,alpha_4,-5.213,0.132,-1.659,-2.172,-0.329,0.905,0.161,-0.498,0.419,2.252,0.001,-0.000,0.000,-0.000,-0.000,0.000,0.000,0.000,0.000,0.000,-0.000,-0.000,0.000,0.000,-0.000
105.930,5.060,135.920,-85.084,108.300,132.405,alpha_4,-5.182,-0.246,-1.510,-1.976,-0.286,0.929,0.129,-0.334,0.334,2.050,0.000,-0.000,0.000,-0.000,-0.000,0.000,0.000,-0.000,0.000,0.000,-0.000,-0.000,0.000,0.000,-0.000
110.462,0.770,137.361,114.012,-61.626,141.882,alpha_4,-1.658,-0.291,-0.252,-0.329,0.000,4.340,1.081,-5.360,1.594,-3.325,0.774,0.316,-0.047,0.131,0.245,0.068,0.386,0.060,0.063,0.093,-0.019,-0.102,-0.035,-0.000,-0.000
101.365,-1.520,136.577,114.623,-116.218,-139.094,alpha_4,-1.325,-0.530,0.643,0.842,0.000,-4.741,-1.235,-4.937,1.477,2.696,0.790,0.405,-0.072,-0.169,0.108,-0.065,-0.360,0.029,0.093,-0.012,-0.139,0.111,-0.042,-0.000,-0.000
105.912,4.955,135.971,-100.825,79.301,-352.584,a_4,-2.346,0.513,-0.287,-0.376,-0.652,0.186,-0.050,-1.244,0.550,-0.358,0.639,-0.012,0.001,0.001,-0.015,0.000,-0.004,0.005,-0.001,-0.001,0.004,0.002,0.000,-0.000,-0.000
105.908,-1.300,136.771,86.859,-86.553,181.621,a_4,-1.946,-0.856,0.134,0.175,0.288,-0.281,-0.133,-0.204,0.643,0.008,1.703,0.022,-0.212,-0.005,-0.612,-0.000,-0.047,0.200,0.080,-0.001,-0.131,0.002,-0.000,0.000,-0.000
105.930,5.060,135.920,65.070,-74.855,-180.259,a_4,-1.785,0.199,-0.100,-0.131,-0.537,3.443,0.832,4.232,-0.683,-0.180,1.430,0.000,-0.000,0.000,-0.000,0.000,-0.000,0.000,0.000,-0.000,-0.000,-0.000,-0.000,0.000,-0.000
105.930,5.057,135.921,64.332,-75.941,179.948,a_4,-1.784,0.218,-0.096,-0.125,-0.560,3.088,0.736,4.464,-0.741,-0.091,1.422,-0.000,-0.000,0.000,-0.000,-0.000,0.000,0.000,0.000,-0.000,-0.000,0.000,0.000,0.000,-0.000
105.93,-10.52,117.31,-16.77,90,-15.93,LINEAR,,,,,,,,,,,,,,,,,,,,,,,,,
105.557,5.017,107.709,8.700,91.026,-202.909,theta_4,-6.787,-0.456,0.112,0.147,-0.454,0.389,0.000,2.240,-0.276,-0.207,0.450,3.093,-0.011,0.084,-0.003,-0.004,0.042,0.004,0.000,-0.011,-0.001,0.034,-0.001,0.000,-0.000
105.728,5.014,109.926,10.378,79.305,36.219,theta_4,-6.728,0.597,0.664,0.869,-0.469,0.286,-0.047,1.773,-0.302,-0.242,0.508,2.853,-0.005,0.079,-0.004,-0.002,0.024,0.003,0.000,-0.006,0.000,0.019,-0.001,-0.000,-0.000
105.573,5.008,106.985,11.048,79.202,-243.807,theta_4,-6.545,-0.235,0.727,0.952,-0.437,0.388,-0.054,2.136,-0.286,-0.236,0.475,3.162,-0.011,0.092,-0.004,-0.004,0.035,0.004,0.001,-0.011,-0.001,0.032,-0.001,-0.000,-0.000
105.585,5.020,106.622,13.171,77.138,102.538,theta_4,-6.493,-0.079,0.848,1.111,-0.459,0.375,-0.057,2.072,-0.293,-0.267,0.504,3.199,-0.009,0.095,-0.003,-0.004,0.039,0.004,0.000,-0.010,-0.001,0.031,-0.001,-0.000,-0.000
105.581,4.978,108.618,10.263,74.823,71.881,theta_4,-6.466,0.221,0.910,1.191,-0.438,0.336,-0.071,1.861,-0.287,-0.243,0.489,2.998,-0.011,0.079,-0.007,-0.004,0.038,0.005,0.001,-0.010,-0.001,0.031,-0.001,0.000,-0.000
105.825,5.015,155.000,-120.259,109.476,255.050,theta_4,-6.114,-0.118,0.006,0.008,0.055,0.369,0.303,-1.767,0.806,0.162,-0.185,-2.118,0.004,0.048,-0.005,-0.001,0.012,0.002,0.000,-0.003,0.001,0.010,-0.000,0.000,-0.000
106.199,5.301,106.551,122.011,-104.069,40.954,theta_4,-4.922,-0.353,-0.409,-0.535,0.109,-1.508,-0.683,-2.118,0.595,-0.156,1.754,3.139,-0.010,0.142,0.025,0.003,-0.038,-0.011,-0.003,0.009,-0.005,-0.027,0.001,-0.000,-0.000
106.290,5.379,103.797,132.128,-76.707,-54.413,theta_4,-4.865,-0.709,0.047,0.062,0.207,-1.610,-0.224,-2.401,0.705,-0.083,1.750,3.393,-0.013,0.172,0.034,0.004,-0.048,-0.014,-0.003,0.012,-0.008,-0.036,0.001,-0.000,-0.000
106.303,5.522,94.910,-180.000,-82.741,-98.940,theta_4,-4.315,-0.290,0.669,0.876,-0.094,-1.980,-0.367,-3.706,1.293,0.690,1.446,4.182,-0.009,0.262,0.048,0.004,-0.057,-0.019,-0.005,0.013,-0.007,-0.038,0.001,-0.000,-0.000
106.340,5.474,96.823,-180.000,-83.343,245.107,theta_4,-4.312,-0.130,0.667,0.872,-0.118,-1.919,-0.377,-3.511,1.304,0.738,1.432,4.010,-0.007,0.245,0.043,0.004,-0.063,-0.018,-0.005,0.014,-0.009,-0.042,0.002,0.000,-0.000
105.93,-10.52,117.31,-16.77,90,-15.93,LINEAR,,,,,,,,,,,,,,,,,,,,,,,,,
105.929,4.982,123.266,-27.402,99.025,30.124,alpha_3,-10.382,-0.240,-0.079,-0.104,-0.137,0.509,0.053,0.490,-0.076,0.175,-0.011,0.304,2.190,0.077,-0.004,0.000,0.019,0.001,-0.000,-0.000,0.010,0.000,-0.000,-0.000,-0.000
105.980,4.959,145.359,-79.295,72.216,-33.315,alpha_3,-9.419,0.079,0.077,0.101,-0.284,-0.458,-0.125,-0.274,0.180,-0.347,0.003,-0.538,1.789,-0.039,0.000,0.000,-0.026,0.003,0.000,0.002,-0.016,-0.004,-0.001,0.000,-0.000
106.026,5.104,119.327,-19.675,107.152,360.000,alpha_3,-8.235,0.245,0.098,0.128,-0.239,0.623,0.119,0.780,-0.132,0.098,-0.033,0.370,2.620,0.145,-0.007,-0.000,-0.003,-0.002,0.000,0.001,-0.015,-0.007,0.001,-0.000,-0.000
106.035,4.870,125.799,-32.079,85.627,267.931,alpha_3,-7.349,-0.518,0.213,0.279,-0.147,-0.270,-0.021,0.729,-0.055,-0.098,0.093,0.836,-1.768,-0.026,0.004,0.001,-0.028,0.003,0.002,0.003,-0.021,-0.005,-0.001,0.000,-0.000
105.383,4.134,149.115,-81.604,96.357,41.745,alpha_3,-6.942,-0.642,0.102,0.134,0.000,0.434,0.031,-0.269,0.092,-0.201,-0.101,-0.592,-2.066,0.030,0.040,-0.003,0.090,0.008,0.005,0.001,0.090,0.017,-0.009,0.000,-0.000
104.620,3.060,155.000,-89.531,108.310,360.000,alpha_3,-5.672,-0.085,0.284,0.371,-0.103,0.560,0.115,-0.448,0.151,-0.597,-0.166,-1.183,-2.409,0.068,0.045,-0.012,0.079,0.025,0.017,-0.006,0.134,0.056,-0.018,-0.000,-0.000
106.302,4.599,123.394,-30.623,73.008,217.915,alpha_3,-4.717,-0.562,0.785,1.028,-0.267,-0.392,-0.100,1.173,-0.065,-0.175,0.088,1.241,-1.912,-0.021,0.011,0.004,-0.048,0.009,0.005,0.013,-0.041,-0.024,-0.004,0.000,-0.000
104.905,3.618,155.000,-100.083,121.184,-64.167,alpha_3,-4.464,0.365,-0.335,-0.439,-0.184,0.811,0.256,-0.747,0.310,-0.002,-0.255,-1.463,-1.885,0.087,0.004,-0.011,0.032,0.026,0.015,-0.010,0.059,0.054,-0.012,0.000,-0.000
104.440,3.091,155.000,-96.136,119.176,-42.031,alpha_3,-4.393,0.373,-0.003,-0.004,-0.229,0.812,0.231,-0.662,0.274,-0.200,-0.194,-1.454,-2.020,0.052,0.004,-0.014,0.061,0.039,0.018,-0.017,0.125,0.090,-0.018,-0.000,-0.000
106.180,2.363,121.291,-18.548,63.280,-360.000,alpha_3,-2.922,0.788,-0.256,-0.335,-0.417,-0.573,-0.218,1.185,-0.180,0.298,0.016,0.631,-2.764,0.155,-0.219,-0.000,-0.535,0.098,0.000,0.011,-0.306,-0.024,-0.003,0.000,-0.000
105.399,4.676,105.783,106.370,-105.813,-59.323,alpha_3,-2.461,0.237,-1.536,-2.011,-0.471,-5.508,-1.467,2.762,-0.540,-0.792,1.192,1.543,3.411,0.298,-0.001,-0.000,0.174,0.017,0.000,-0.012,0.087,0.054,-0.006,0.000,-0.000
105.93,-10.52,117.31,-16.77,90,-15.93,LINEAR,,,,,,,,,,,,,,,,,,,,,,,,,
105.930,5.060,-20.344,85.000,129.633,97.747,a_3,-3.713,-0.444,-0.124,-0.162,-0.279,3.191,0.563,-0.026,0.330,-0.133,-0.093,-0.294,1.254,1.902,0.000,0.000,0.000,-0.000,-0.000,-0.000,-0.000,-0.000,0.000,-0.000,-0.000
105.934,5.035,-24.471,84.923,137.102,122.909,a_3,-3.684,-0.342,-0.506,-0.662,-0.362,3.219,0.636,-0.059,0.396,0.034,-0.118,-0.089,0.982,1.917,-0.003,0.000,0.001,0.001,0.000,0.000,0.000,-0.000,0.000,0.000,-0.000
105.875,5.058,-24.859,85.000,132.329,109.680,a_3,-3.651,-0.437,-0.324,-0.424,-0.297,3.216,0.593,-0.175,0.402,0.043,-0.113,-0.308,1.054,1.917,-0.000,-0.000,-0.009,0.001,-0.000,-0.002,0.003,0.006,-0.000,-0.000,-0.000
105.930,5.060,-32.606,85.000,137.805,121.286,a_3,-3.633,-0.357,-0.558,-0.731,-0.350,3.248,0.645,-0.594,0.527,0.349,-0.140,-0.478,0.771,1.935,-0.000,-0.000,-0.000,-0.000,-0.000,-0.000,-0.000,-0.000,-0.000,-0.000,-0.000
105.943,5.050,-23.885,80.713,132.106,-258.643,a_3,-3.577,-0.418,-0.293,-0.383,-0.305,3.248,0.592,-0.484,0.462,0.288,-0.102,-0.526,1.187,1.913,-0.001,0.000,-0.002,0.000,0.000,0.000,-0.001,-0.002,0.000,-0.000,-0.000
106.022,5.055,-32.187,85.000,143.484,-227.066,a_3,-3.526,-0.210,-0.712,-0.932,-0.434,3.247,0.689,-0.547,0.519,0.333,-0.146,-0.293,0.715,1.935,-0.000,0.001,0.000,-0.001,0.000,0.003,-0.003,-0.010,0.000,0.000,-0.000
105.930,5.060,-11.290,78.707,129.154,-270.884,a_3,-3.516,-0.371,-0.049,-0.064,-0.302,3.193,0.558,0.045,0.289,-0.070,-0.066,-0.205,1.621,1.863,-0.000,-0.000,0.000,0.000,0.000,-0.000,0.000,0.000,-0.000,-0.000,-0.000
105.920,5.071,-32.639,82.065,135.216,110.045,a_3,-3.509,-0.402,-0.466,-0.610,-0.323,3.254,0.619,-0.873,0.580,0.544,-0.126,-0.729,0.872,1.933,0.001,-0.000,0.000,-0.000,-0.000,-0.000,0.000,0.001,-0.000,-0.000,-0.000
105.930,5.061,-22.968,85.000,135.240,55.963,a_3,-3.371,-0.233,0.364,0.477,-0.374,3.207,0.622,-0.669,0.378,-0.033,-0.079,-1.161,1.487,1.904,0.000,-0.000,-0.000,-0.000,-0.000,-0.000,-0.000,0.000,-0.000,-0.000,-0.000
105.930,5.098,-35.603,83.546,133.477,-278.004,a_3,-3.293,-0.454,-0.112,-0.146,-0.311,3.250,0.600,-1.294,0.607,0.559,-0.111,-1.320,0.979,1.931,0.004,0.000,0.002,-0.001,-0.000,-0.000,-0.000,-0.000,0.000,-0.000,-0.000
105.934,5.052,1.804,64.728,134.142,-247.113,a_3,-3.113,-0.204,-0.492,-0.644,-0.398,3.217,0.604,0.279,0.307,0.347,-0.048,0.424,1.926,1.783,-0.001,0.000,-0.001,0.000,0.000,0.000,-0.000,-0.000,0.000,-0.000,-0.000
105.93,-10.52,117.31,-16.77,90,-15.93,LINEAR,,,,,,,,,,,,,,,,,,,,,,,,,
96.001,-90.000,96.645,68.920,141.638,105.527,theta_3,-7.852,-0.855,0.491,0.643,-0.164,1.525,0.280,0.283,0.091,-2.360,-0.209,-1.802,0.562,1.180,-10.584,-0.151,-0.225,0.189,0.542,-0.109,-0.043,0.470,-0.043,0.000,-0.000
95.906,-90.000,96.236,66.933,143.674,-248.210,theta_3,-7.844,-0.900,0.363,0.476,-0.167,1.646,0.316,0.218,0.119,-2.241,-0.239,-1.858,0.555,1.191,-10.602,-0.152,-0.232,0.192,0.538,-0.111,-0.048,0.479,-0.043,0.000,-0.000
96.065,-90.000,97.448,70.269,139.596,98.009,theta_3,-7.843,-0.788,0.616,0.806,-0.163,1.412,0.248,0.325,0.068,-2.456,-0.180,-1.750,0.573,1.164,-10.571,-0.150,-0.228,0.181,0.545,-0.108,-0.034,0.465,-0.043,0.000,-0.000
96.101,-90.000,97.604,72.253,137.570,-277.748,theta_3,-7.794,-0.630,0.788,1.032,-0.164,1.300,0.218,0.315,0.046,-2.553,-0.150,-1.766,0.593,1.164,-10.577,-0.149,-0.228,0.177,0.542,-0.108,-0.017,0.465,-0.043,0.000,-0.000
94.496,-90.000,92.577,70.451,147.887,360.000,theta_3,-6.886,0.149,0.598,0.782,-0.201,1.498,0.357,-0.242,0.129,-1.996,-0.237,-2.499,0.268,1.303,-10.830,-0.171,-0.471,0.289,0.493,-0.136,-0.213,0.606,-0.044,0.000,-0.000
96.743,-89.989,122.942,147.103,-120.000,264.236,theta_3,-5.598,-1.345,-0.419,-0.548,0.276,-4.184,-0.921,-1.057,0.445,-0.841,1.305,-1.369,0.112,0.714,-10.516,-0.141,-0.843,0.244,0.561,-0.100,-0.036,0.416,-0.040,-0.000,-0.000
95.938,-88.046,114.644,155.722,-120.000,-101.614,theta_3,-5.511,-1.341,-0.334,-0.437,0.271,-4.079,-0.892,-0.942,0.449,-0.777,1.339,-1.342,0.071,0.863,-10.443,-0.152,-0.808,0.343,0.543,-0.116,-0.152,0.490,-0.040,-0.000,-0.000
97.160,-87.195,113.708,159.854,-120.000,-94.243,theta_3,-5.477,-1.385,-0.324,-0.425,0.309,-4.225,-0.918,-1.439,0.544,-0.594,1.349,-1.014,0.082,0.835,-10.231,-0.134,-0.736,0.419,0.575,-0.101,-0.120,0.403,-0.036,0.000,-0.000
96.079,-90.000,116.356,169.057,-120.000,254.566,theta_3,-5.407,-1.513,-0.002,-0.003,0.400,-4.317,-0.931,-2.094,0.758,0.073,1.354,-0.869,-0.145,0.770,-10.356,-0.154,-0.666,0.319,0.620,-0.094,-0.397,0.391,-0.040,0.000,-0.000
99.435,-89.935,103.591,-179.998,-120.000,260.523,theta_3,-5.244,-1.514,-0.057,-0.075,0.389,-4.263,-0.915,-2.160,0.746,-0.162,1.342,-0.877,-0.150,0.987,-10.377,-0.102,-0.556,0.752,0.625,-0.071,-0.272,0.250,-0.026,0.000,-0.000
96.014,-88.156,132.905,143.813,-120.000,239.821,theta_3,-5.097,-1.433,0.002,0.003,0.326,-4.218,-0.946,-1.182,0.583,-0.267,1.355,-1.441,-0.119,0.513,-10.264,-0.152,-1.003,0.170,0.578,-0.104,-0.103,0.447,-0.043,-0.000,-0.000
105.93,-10.52,117.31,-16.77,90,-15.93,LINEAR,,,,,,,,,,,,,,,,,,,,,,,,,
105.931,5.065,-25.780,109.293,71.275,341.070,beta_3,-21.201,0.006,-0.279,-0.366,-0.065,-1.072,-0.279,0.015,0.022,0.558,-0.012,-0.254,-0.247,1.966,0.001,0.000,-7.404,-0.000,-0.000,0.000,0.000,-0.000,-0.000,-0.000,-0.000
105.930,5.063,-26.215,109.941,62.285,-339.732,beta_3,-21.123,0.262,-0.078,-0.101,-0.125,-0.847,-0.401,0.110,0.019,0.450,-0.010,-0.178,-0.200,1.970,0.000,0.000,-6.991,-0.000,-0.000,0.000,0.000,-0.000,-0.000,-0.000,-0.000
105.930,5.060,-23.514,106.899,67.318,2.092,beta_3,-21.105,0.133,-0.200,-0.262,-0.087,-0.913,-0.340,-0.021,0.024,0.447,-0.012,-0.292,-0.210,1.961,-0.000,0.000,-7.058,-0.000,-0.000,-0.000,-0.000,-0.000,-0.000,-0.000,-0.000
105.930,5.060,-17.786,99.016,59.621,-328.935,beta_3,-20.687,0.308,-0.087,-0.114,-0.139,-0.878,-0.461,0.057,0.060,0.309,-0.025,-0.237,-0.282,1.942,0.000,0.000,-6.833,-0.000,-0.000,-0.000,-0.000,-0.000,-0.000,-0.000,-0.000
105.930,5.060,-13.997,97.319,63.735,-340.163,beta_3,-20.679,0.244,-0.146,-0.191,-0.115,-0.822,-0.403,0.069,0.026,0.317,-0.011,-0.177,-0.336,1.927,0.000,0.000,-6.701,-0.000,-0.000,-0.000,-0.000,-0.000,-0.000,-0.000,-0.000
105.930,5.060,-24.892,91.725,82.904,268.715,beta_3,-20.643,-0.526,0.051,0.067,0.085,-1.390,-0.120,0.025,0.296,0.018,-0.104,-0.208,-0.311,1.962,0.000,-0.000,-7.549,-0.000,-0.000,-0.000,0.000,0.000,0.000,0.000,-0.000
105.930,5.060,-7.458,93.145,72.112,-356.873,beta_3,-20.535,0.125,-0.169,-0.221,-0.067,-0.659,-0.283,0.086,-0.012,0.268,0.005,-0.044,-0.382,1.896,0.000,0.000,-6.320,-0.000,-0.000,-0.000,-0.000,-0.000,-0.000,0.000,-0.000
105.929,5.061,-28.260,109.289,63.945,330.939,beta_3,-20.530,-0.040,-0.393,-0.515,-0.119,-1.588,-0.381,0.009,0.061,0.739,-0.031,-0.497,-0.240,1.962,0.000,-0.000,-8.322,-0.000,-0.000,-0.000,0.000,0.000,0.000,-0.000,-0.000
105.931,5.061,-29.995,115.285,50.048,20.707,beta_3,-20.520,0.525,-0.157,-0.206,-0.280,-1.357,-0.516,0.390,-0.005,0.865,0.003,-0.239,-0.270,1.970,0.000,0.000,-8.122,-0.000,-0.000,0.000,0.000,-0.000,-0.000,0.000,-0.000
105.930,5.060,-4.484,77.997,92.840,284.235,beta_3,-20.335,-0.240,0.007,0.010,0.049,-0.735,0.049,0.144,0.193,-0.020,-0.048,0.062,-0.444,1.879,0.000,0.000,-6.232,-0.000,-0.000,-0.000,0.000,-0.000,-0.000,-0.000,-0.000
105.93,-10.52,117.31,-16.77,90,-15.93,LINEAR,,,,,,,,,,,,,,,,,,,,,,,,,
152.115,-90.000,52.525,117.525,68.086,-80.384,alpha_2,-2.566,-0.540,-0.127,-0.166,0.203,1.628,0.573,0.555,-0.089,-0.138,-0.159,-0.403,-4.128,1.484,-7.361,0.743,-7.710,8.443,0.757,1.277,0.019,-0.638,-0.148,0.000,-0.000
152.271,-90.000,54.486,116.336,68.224,-95.334,alpha_2,-2.566,-0.663,-0.146,-0.191,0.191,1.665,0.581,0.743,-0.098,-0.059,-0.148,-0.211,-4.304,1.462,-7.331,0.745,-7.666,8.472,0.758,1.285,0.011,-0.639,-0.151,-0.000,-0.000
151.756,-90.000,55.962,114.757,68.202,-106.508,alpha_2,-2.565,-0.775,-0.122,-0.160,0.192,1.656,0.572,0.840,-0.093,-0.030,-0.149,-0.113,-4.409,1.448,-7.384,0.738,-7.557,8.428,0.758,1.264,-0.014,-0.637,-0.147,0.000,-0.000
153.052,-90.000,45.367,122.206,59.694,-56.210,alpha_2,-2.563,-0.406,-0.001,-0.002,0.230,1.415,0.498,0.298,-0.088,-0.117,-0.198,-0.975,-3.665,1.543,-7.186,0.754,-8.365,8.607,0.758,1.326,-0.022,-0.643,-0.166,0.000,-0.000
150.279,-90.000,54.259,107.652,70.050,242.622,alpha_2,-2.561,-1.043,-0.005,-0.007,0.316,1.365,0.522,0.685,-0.004,-0.259,-0.281,-0.377,-4.179,1.477,-7.576,0.718,-7.404,8.249,0.759,1.199,-0.034,-0.630,-0.131,-0.000,-0.000
152.000,-90.000,51.850,104.019,61.367,-144.899,alpha_2,-2.560,-1.312,0.409,0.536,0.382,1.169,0.419,0.861,0.041,-0.322,-0.364,-0.469,-4.081,1.491,-7.368,0.742,-7.752,8.439,0.758,1.273,0.008,-0.638,-0.148,0.000,-0.000
153.705,-90.000,45.026,103.966,61.273,231.807,alpha_2,-2.557,-1.305,0.341,0.447,0.454,0.844,0.399,0.541,0.097,-0.477,-0.451,-0.966,-3.643,1.543,-7.114,0.764,-8.426,8.662,0.758,1.353,0.008,-0.645,-0.171,0.000,-0.000
150.211,-90.000,61.375,111.552,59.378,-158.899,alpha_2,-2.555,-1.138,0.417,0.546,0.162,1.749,0.499,1.186,-0.093,0.015,-0.114,0.222,-4.708,1.394,-7.570,0.716,-7.057,8.259,0.759,1.198,-0.053,-0.630,-0.132,-0.000,-0.000
154.228,-90.000,48.937,112.784,57.962,-124.365,alpha_2,-2.554,-1.099,0.180,0.236,0.295,1.174,0.452,0.948,-0.056,0.019,-0.285,-0.535,-4.072,1.503,-6.986,0.768,-8.542,8.792,0.756,1.393,-0.042,-0.659,-0.186,-0.000,-0.000
151.046,-90.000,64.762,117.624,48.264,-193.844,alpha_2,-2.545,-1.019,0.952,1.246,0.039,2.164,0.532,1.244,-0.145,0.056,0.040,0.517,-4.911,1.348,-7.506,0.729,-6.836,8.308,0.758,1.229,0.011,-0.633,-0.135,-0.000,-0.000
155.502,-90.000,22.139,120.239,38.476,-16.728,alpha_2,-2.514,-0.548,0.135,0.177,0.361,0.249,0.105,-1.002,0.148,-0.868,-0.527,-3.225,-1.561,1.649,-6.760,0.783,-9.655,8.955,0.759,1.449,-0.065,-0.656,-0.208,-0.000,-0.000
105.93,-10.52,117.31,-16.77,90,-15.93,LINEAR,,,,,,,,,,,,,,,,,,,,,,,,,
105.967,-31.993,140.000,-18.398,104.162,162.358,a_2,-0.999,-1.075,-0.096,-0.126,-0.073,0.543,0.081,0.794,0.003,-0.774,-0.006,0.694,-0.119,-0.435,-2.831,0.001,-0.386,0.477,0.498,0.001,-0.001,-0.002,0.000,0.000,-0.000
104.403,23.721,95.493,-22.678,78.276,-359.562,a_2,-0.753,-0.060,-0.320,-0.419,0.068,-0.075,-0.046,0.015,-0.031,-0.415,-0.107,-0.170,0.309,-0.051,1.214,0.025,-1.314,-0.331,0.279,-0.022,-0.014,0.077,0.004,-0.000,-0.000
104.387,32.813,77.309,-12.963,78.128,-15.941,a_2,-0.743,-0.081,-0.055,-0.072,0.071,-0.205,-0.048,0.039,-0.035,-0.757,-0.116,-0.099,0.408,-0.063,2.067,0.025,-2.019,-0.501,0.391,-0.022,-0.014,0.078,0.005,0.000,-0.000
104.677,34.312,82.591,-20.076,68.397,149.206,a_2,-0.712,1.168,-0.237,-0.310,0.011,-0.104,-0.102,0.753,-0.033,-0.877,-0.111,0.667,0.334,-0.279,2.226,0.020,-1.859,-0.525,0.406,-0.019,-0.011,0.063,0.004,0.000,-0.000
104.600,27.421,89.015,-21.488,88.750,-42.038,a_2,-0.747,-0.007,0.414,0.542,0.077,-0.148,0.014,0.079,-0.021,-0.665,-0.081,-0.060,-0.192,0.340,1.546,0.022,-1.624,-0.398,0.326,-0.019,-0.016,0.067,0.004,0.000,-0.000
104.121,32.130,77.481,-9.447,77.226,-5.444,a_2,-0.734,-0.122,-0.241,-0.315,0.118,-0.176,-0.060,0.040,-0.055,-0.588,-0.164,-0.226,0.067,0.415,1.995,0.030,-1.927,-0.491,0.385,-0.026,-0.011,0.091,0.006,0.000,-0.000
105.93,-10.52,117.31,-16.77,90,-15.93,LINEAR,,,,,,,,,,,,,,,,,,,,,,,,,
249.576,-43.388,-16.072,103.812,63.132,-224.760,theta_2,-9.517,1.046,-0.329,-0.431,-0.427,-0.805,-0.454,-0.840,0.705,-0.297,0.318,-0.144,4.564,1.242,9.930,-0.156,-3.535,1.856,-0.288,16.077,0.000,0.000,0.001,-0.000,-0.000
249.602,-45.000,-24.746,97.784,66.568,-327.187,theta_2,-9.325,0.421,-0.765,-1.001,-0.661,-0.575,-0.314,-2.659,0.953,-0.264,0.604,-1.549,4.553,1.055,8.818,-0.164,-2.742,1.867,-0.347,15.933,0.013,-0.004,0.122,-0.000,-0.000
249.724,-45.000,-16.383,89.822,84.731,340.823,theta_2,-9.250,0.207,0.133,0.174,-0.632,-0.541,-0.200,-2.901,0.996,-0.215,0.626,-1.667,4.304,1.180,8.286,-0.166,-2.992,1.840,-0.366,15.833,0.006,0.011,0.188,0.000,-0.000
249.624,-44.326,-74.386,-44.755,-90.738,161.915,theta_2,-9.184,0.385,0.138,0.181,-0.737,0.450,-0.003,5.257,-0.990,0.667,1.254,-0.166,4.361,0.255,9.844,-0.164,-0.469,1.866,-0.301,16.074,-0.000,-0.000,0.000,-0.000,-0.000
249.586,-45.000,-0.690,93.229,63.543,76.031,theta_2,-9.040,0.555,-0.946,-1.239,-0.463,-0.588,-0.430,-2.435,0.943,0.037,0.388,-1.863,3.749,1.395,7.073,-0.168,-3.320,1.815,-0.408,15.532,-0.038,-0.012,0.331,0.000,-0.000
249.016,-30.000,18.252,135.389,75.835,64.520,theta_2,-8.869,0.070,0.169,0.221,-0.035,0.360,-0.292,0.996,-0.082,0.062,0.019,1.079,2.057,1.791,6.860,-0.059,-3.547,1.447,-0.233,15.107,0.011,0.004,0.496,0.000,-0.000
249.666,-45.000,-0.156,-115.777,-88.598,-326.678,theta_2,-8.785,1.382,0.509,0.667,-0.703,0.584,0.004,4.560,-0.975,1.301,1.291,0.597,4.161,1.438,9.712,-0.169,-4.177,1.870,-0.313,16.064,0.002,0.001,0.009,0.000,-0.000
249.664,-45.000,-8.995,-109.118,-96.594,97.903,theta_2,-8.723,0.838,0.856,1.120,-0.727,0.589,-0.032,4.976,-0.988,1.253,1.257,-0.000,4.447,1.319,9.754,-0.170,-3.799,1.871,-0.311,16.068,-0.001,0.000,0.003,0.000,-0.000
249.672,-45.000,-9.099,-108.276,-84.116,-204.744,theta_2,-8.721,0.394,0.213,0.278,-0.737,0.584,0.023,5.209,-0.981,1.230,1.265,-0.078,4.434,1.316,9.676,-0.170,-3.769,1.869,-0.314,16.060,0.001,0.002,0.013,0.000,-0.000
249.626,-45.000,-4.009,-106.899,-90.935,134.658,theta_2,-8.711,0.381,0.522,0.683,-0.633,0.622,-0.020,5.066,-0.935,1.174,1.358,0.058,4.244,1.386,9.448,-0.168,-3.931,1.872,-0.323,16.030,0.003,-0.003,0.043,-0.000,-0.000
105.93,-10.52,117.31,-16.77,90,-15.93,LINEAR,,,,,,,,,,,,,,,,,,,,,,,,,
105.912,-8.728,145.070,-49.249,84.891,-49.863,beta_2,-7.427,-0.325,-0.272,-0.356,-0.000,-0.259,-0.025,0.055,0.014,0.607,-0.043,-0.149,0.073,-0.037,-0.550,0.000,0.686,0.313,0.201,0.000,-1.439,-0.000,-0.000,-0.000,-0.000
105.909,-13.909,148.486,-51.533,78.974,-85.218,beta_2,-7.304,-0.711,-0.150,-0.196,0.001,-0.468,-0.060,0.158,0.038,0.739,-0.100,-0.297,0.117,-0.050,-0.853,-0.000,0.940,0.525,0.268,-0.000,-1.988,0.000,0.000,0.000,-0.000
105.462,-15.030,148.407,-51.840,76.277,-106.882,beta_2,-6.891,-0.897,0.058,0.076,0.002,-0.546,-0.084,0.236,0.051,0.645,-0.122,-0.275,-0.037,-0.057,-0.965,-0.007,0.958,0.559,0.287,-0.009,-2.078,0.011,0.004,-0.000,-0.000
106.034,-16.818,149.504,-52.802,72.083,-123.188,beta_2,-6.639,-0.993,0.252,0.330,0.000,-0.574,-0.103,0.295,0.058,0.627,-0.149,-0.301,-0.037,-0.066,-1.046,0.002,0.985,0.628,0.318,0.002,-2.113,-0.003,-0.001,0.000,-0.000
270.000,10.984,-142.730,68.143,-78.950,81.316,beta_2,-6.587,-0.649,-0.630,-0.825,-0.082,0.671,0.029,0.582,-0.037,4.860,0.901,1.805,0.522,-0.147,3.874,-1.776,9.057,-0.190,0.057,6.369,-15.274,-0.287,0.358,0.000,-0.000
270.000,7.108,-143.898,83.024,-74.873,97.889,beta_2,-6.561,-0.559,-1.016,-1.330,-0.157,0.698,0.057,0.375,0.053,4.307,0.918,2.120,-0.026,-0.152,4.220,-1.773,8.742,-0.070,0.036,6.605,-14.741,-0.247,0.314,-0.000,-0.000
206.906,11.920,-142.802,52.886,-81.916,10.258,beta_2,-6.555,-0.543,0.002,0.003,-0.013,-0.058,-0.058,-4.698,1.266,-5.398,0.422,1.070,1.032,0.873,2.576,1.481,-9.660,-0.024,-0.062,3.238,12.820,0.024,0.105,0.000,-0.000
207.052,11.795,-143.048,53.261,-81.959,13.892,beta_2,-6.554,-0.507,-0.023,-0.030,-0.014,-0.020,-0.054,-4.685,1.264,-5.435,0.424,1.086,1.115,0.868,2.638,1.483,-9.655,-0.025,-0.061,3.262,12.815,0.022,0.100,0.000,-0.000
207.163,11.127,-142.393,55.294,-80.425,-5.538,beta_2,-6.552,-0.674,0.165,0.216,-0.015,-0.126,-0.051,-4.706,1.267,-5.261,0.404,1.068,1.052,0.867,2.615,1.484,-9.608,-0.027,-0.054,3.269,12.735,0.023,0.102,0.000,-0.000
207.314,9.293,-140.614,58.259,-78.126,-29.285,beta_2,-6.539,-0.811,0.502,0.658,-0.015,-0.240,-0.046,-4.678,1.271,-4.924,0.374,1.029,0.906,0.865,2.582,1.485,-9.487,-0.027,-0.035,3.280,12.508,0.026,0.102,0.000,-0.000
105.93,-10.52,117.31,-16.77,90,-15.93,LINEAR,,,,,,,,,,,,,,,,,,,,,,,,,
38.486,-16.113,-5.837,70.000,142.911,170.772,alpha_1,-10.620,-0.338,-0.743,-0.972,0.024,1.234,0.208,-0.392,0.663,1.585,-0.128,-0.231,0.050,1.865,-0.530,-0.665,-0.813,-1.220,0.154,1.961,1.655,6.707,0.000,-0.000,-0.000
43.111,-13.757,-9.344,70.000,145.069,184.767,alpha_1,-10.602,-0.206,-0.730,-0.956,-0.010,1.225,0.275,-0.509,0.685,1.509,-0.133,-0.314,0.013,1.881,-0.632,-0.624,-1.037,-0.923,0.146,1.563,1.587,6.366,0.000,0.000,-0.000
42.168,-13.069,-8.927,70.000,138.333,159.913,alpha_1,-10.554,-0.409,-0.676,-0.885,0.044,1.360,0.184,-0.437,0.674,1.534,-0.123,-0.297,0.053,1.881,-0.511,-0.618,-0.955,-0.895,0.138,1.658,1.791,6.536,0.005,-0.000,-0.000
44.848,-11.684,-11.178,70.000,145.389,185.730,alpha_1,-10.501,-0.170,-0.723,-0.947,-0.028,1.314,0.303,-0.526,0.688,1.470,-0.128,-0.298,0.038,1.889,-0.548,-0.598,-1.105,-0.731,0.133,1.432,1.689,6.300,0.004,-0.000,-0.000
42.765,-13.265,-3.335,70.000,145.822,-194.585,alpha_1,-10.439,-0.316,-0.777,-1.017,-0.044,1.747,0.321,-0.158,0.586,1.289,-0.126,0.014,0.266,1.871,-0.551,-0.594,-0.717,-0.916,0.135,1.636,2.053,6.615,0.000,-0.000,-0.000
34.408,-17.637,-6.675,70.000,147.386,-175.362,alpha_1,-10.438,-0.200,-0.766,-1.002,-0.002,1.025,0.221,-0.552,0.695,1.777,-0.119,-0.295,-0.011,1.854,-0.345,-0.711,-0.743,-1.436,0.159,2.314,1.539,6.902,-0.000,-0.000,-0.000
43.036,-13.055,-3.026,70.000,149.907,-178.457,alpha_1,-10.392,-0.157,-0.815,-1.066,-0.087,1.676,0.378,-0.167,0.582,1.230,-0.126,0.044,0.248,1.870,-0.592,-0.593,-0.838,-0.890,0.134,1.608,2.023,6.588,0.005,0.000,-0.000
38.095,-18.708,-7.005,70.000,146.204,194.786,alpha_1,-10.282,-0.185,-0.700,-0.917,0.018,0.825,0.218,-0.652,0.711,1.713,-0.138,-0.496,-0.127,1.861,-0.773,-0.698,-0.982,-1.422,0.175,1.948,1.243,6.518,-0.005,-0.000,-0.000
40.337,-22.734,9.495,70.000,134.409,-207.305,alpha_1,-10.240,-0.626,-0.557,-0.729,0.113,1.180,0.095,0.123,0.518,1.122,-0.151,-0.111,0.045,1.828,-1.542,-0.660,-0.948,-1.718,0.184,1.780,1.424,6.492,0.000,-0.000,-0.000
38.473,-11.986,-17.872,70.000,154.313,206.698,alpha_1,-10.229,0.145,-0.644,-0.843,-0.115,1.122,0.333,-1.124,0.790,2.020,-0.095,-0.597,-0.086,1.879,-0.010,-0.663,-0.811,-0.862,0.132,1.965,1.677,6.723,0.000,0.000,-0.000
105.93,-10.52,117.31,-16.77,90,-15.93,LINEAR,,,,,,,,,,,,,,,,,,,,,,,,,
266.899,69.982,-17.825,-92.524,-94.675,260.688,a_1,-1.676,-1.401,-0.412,-0.539,0.586,-2.498,-0.379,-1.349,0.537,0.297,1.298,-1.721,-0.906,1.780,-2.781,-0.378,-1.451,-0.235,0.721,4.311,-2.707,0.617,1.804,-0.000,-0.000
269.993,70.000,-14.568,-67.781,-115.850,-165.148,a_1,-1.658,-1.235,0.378,0.495,0.533,-2.723,-0.686,-2.274,1.045,0.963,1.358,-0.938,-1.014,1.818,-2.459,-0.338,-1.387,0.182,0.705,4.577,-1.911,0.867,1.807,-0.000,-0.000
269.984,70.000,-5.484,-79.886,-110.339,233.715,a_1,-1.652,-1.507,0.230,0.301,0.604,-3.124,-0.605,-2.470,0.975,0.770,1.335,-0.904,-1.235,1.823,-3.458,-0.305,-1.020,0.283,0.741,3.991,-1.590,0.790,1.839,0.000,-0.000
269.996,70.000,-11.437,-96.890,-93.668,-55.455,a_1,-1.643,-1.235,-0.301,-0.395,0.588,-2.061,-0.312,-2.423,0.586,0.562,1.327,-0.558,-0.816,1.818,-2.380,-0.407,-1.995,-0.046,0.703,4.568,-2.762,0.804,1.794,-0.000,-0.000
266.554,70.000,-11.343,-75.838,-105.254,-119.487,a_1,-1.631,-1.460,0.131,0.172,0.591,-3.083,-0.570,-2.460,0.954,0.867,1.369,-0.545,-1.104,1.825,-2.392,-0.325,-1.036,-0.092,0.705,4.587,-2.038,0.689,1.801,0.000,-0.000
264.310,69.965,-14.092,-70.000,-127.087,-190.496,a_1,-1.618,-0.983,0.485,0.635,0.423,-3.178,-0.940,-2.227,0.994,1.007,1.357,-1.074,-1.114,1.805,-2.559,-0.330,-0.889,-0.311,0.713,4.453,-2.304,0.543,1.799,-0.000,-0.000
265.633,69.485,-36.280,-85.000,-105.010,259.876,a_1,-1.616,-1.322,-0.461,-0.604,0.436,-2.987,-0.545,-0.765,0.404,-0.323,1.322,-1.767,-0.959,1.720,-0.893,-0.303,-0.960,-0.126,0.645,5.534,-1.730,0.793,1.754,0.000,-0.000
268.548,64.068,-15.699,-84.202,-106.616,-136.089,a_1,-1.616,-1.480,-0.023,-0.030,0.544,-2.769,-0.552,-1.034,0.653,0.274,1.378,-1.706,-0.930,1.807,-2.435,-0.336,-1.345,0.061,0.675,5.077,-1.938,0.872,1.780,-0.000,-0.000
270.000,62.141,-5.560,-91.125,-94.989,241.167,a_1,-1.590,-1.418,-0.240,-0.314,0.594,-2.230,-0.335,-1.358,0.661,0.481,1.361,-1.506,-0.886,1.825,-3.128,-0.387,-1.862,0.043,0.686,4.796,-2.461,0.863,1.787,0.000,-0.000
106.360,2.390,138.505,-70.267,89.263,-168.417,alpha_6,-2.096,-1.505,-0.007,-0.010,0.306,-0.056,-0.000,0.523,0.141,0.045,-0.305,-0.062,-0.001,0.015,-0.072,0.007,-0.000,0.023,0.046,0.005,-0.054,-0.009,0.000,0.000,-0.000
106.221,2.472,138.559,-70.894,88.745,-173.147,alpha_6,-2.093,-1.522,0.002,0.003,0.313,-0.025,-0.008,0.525,0.146,0.071,-0.312,-0.074,0.001,-0.000,-0.071,0.005,-0.015,0.022,0.044,0.003,-0.055,-0.006,0.000,0.000,-0.000
106.498,2.209,138.766,-70.279,89.784,196.595,alpha_6,-2.093,-1.490,-0.016,-0.020,0.305,-0.090,0.007,0.509,0.140,0.016,-0.305,-0.072,0.000,0.037,-0.074,0.010,0.010,0.026,0.049,0.007,-0.060,-0.012,0.000,0.000,-0.000
106.034,2.562,138.515,-71.195,88.189,-178.360,alpha_6,-2.084,-1.535,0.014,0.019,0.318,0.010,-0.016,0.528,0.148,0.097,-0.314,-0.077,0.001,-0.023,-0.069,0.002,-0.029,0.021,0.042,0.001,-0.060,-0.002,0.000,0.000,-0.000
106.341,6.569,131.674,-84.730,105.880,-64.477,d_6,-0.474,0.899,0.667,0.873,-0.546,0.259,0.074,-0.497,0.365,0.190,0.505,0.269,-0.011,0.047,0.191,-0.004,-0.075,-0.067,0.013,0.015,-0.143,-0.050,0.001,0.000,-0.000
106.321,6.513,131.693,-85.176,105.954,-65.644,d_6,-0.474,0.912,0.676,0.885,-0.551,0.260,0.074,-0.509,0.372,0.182,0.510,0.266,-0.011,0.047,0.184,-0.004,-0.079,-0.065,0.013,0.014,-0.135,-0.048,0.001,0.000,-0.000
106.326,6.589,131.691,-84.396,105.119,-58.671,d_6,-0.473,0.834,0.635,0.831,-0.541,0.258,0.070,-0.509,0.359,0.187,0.502,0.266,-0.008,0.046,0.192,-0.004,-0.075,-0.067,0.014,0.014,-0.141,-0.048,0.001,0.000,-0.000
106.370,6.531,131.794,-85.714,106.384,-70.474,d_6,-0.473,0.967,0.692,0.906,-0.556,0.258,0.076,-0.502,0.379,0.183,0.514,0.270,-0.019,0.045,0.189,-0.004,-0.068,-0.066,0.013,0.016,-0.146,-0.054,0.001,0.000,-0.000
106.311,6.681,131.488,-83.846,103.652,-50.581,d_6,-0.472,0.746,0.574,0.751,-0.533,0.254,0.062,-0.524,0.349,0.177,0.500,0.274,-0.006,0.048,0.201,-0.004,-0.081,-0.070,0.015,0.014,-0.142,-0.046,0.001,0.000,-0.000
106.268,6.775,131.408,-84.157,101.652,317.687,d_6,-0.471,0.664,0.493,0.645,-0.532,0.249,0.052,-0.561,0.350,0.152,0.507,0.282,-0.006,0.048,0.212,-0.004,-0.085,-0.074,0.016,0.012,-0.135,-0.041,0.001,0.000,-0.000
106.253,6.780,131.269,-84.473,100.353,322.184,d_6,-0.470,0.624,0.441,0.577,-0.534,0.246,0.045,-0.590,0.353,0.134,0.514,0.287,-0.008,0.050,0.213,-0.003,-0.094,-0.074,0.016,0.012,-0.130,-0.039,0.001,0.000,-0.000
106.249,6.916,131.041,-84.104,99.221,325.997,d_6,-0.470,0.590,0.389,0.510,-0.529,0.242,0.040,-0.588,0.348,0.126,0.512,0.301,-0.007,0.052,0.228,-0.003,-0.098,-0.079,0.017,0.012,-0.134,-0.038,0.000,0.000,-0.000
106.211,6.977,130.953,-84.394,97.844,330.248,d_6,-0.469,0.559,0.330,0.432,-0.530,0.240,0.033,-0.609,0.350,0.109,0.517,0.309,-0.006,0.052,0.235,-0.003,-0.103,-0.081,0.018,0.010,-0.127,-0.034,0.000,0.000,-0.000
106.172,7.036,130.896,-84.802,96.362,334.082,d_6,-0.469,0.534,0.273,0.357,-0.532,0.236,0.027,-0.629,0.354,0.083,0.523,0.316,-0.008,0.052,0.242,-0.003,-0.107,-0.083,0.018,0.009,-0.118,-0.029,0.000,0.000,-0.000
105.739,3.410,136.682,54.827,-91.999,-63.583,a_5,-1.065,-0.770,-1.431,-1.873,0.000,-7.222,-1.885,0.026,0.040,0.306,0.551,-0.012,-0.005,-0.002,-0.032,-0.001,-0.153,0.011,0.007,0.000,0.195,0.006,-0.003,0.000,-0.000
104.945,3.961,136.505,54.754,-81.436,-289.895,a_5,-0.923,-0.445,1.482,1.940,-0.076,7.198,1.817,-0.046,0.095,-0.400,0.730,-0.091,-0.006,0.009,-0.193,-0.005,0.058,0.022,0.008,-0.028,-0.155,0.041,0.015,-0.000,-0.000
105.133,-0.501,138.097,68.409,-121.763,106.705,a_5,-0.670,0.465,0.024,0.032,-0.289,-5.394,-1.590,-0.143,0.250,0.673,1.257,-0.101,-0.039,-0.008,-0.349,-0.007,-0.391,0.102,0.052,-0.012,0.372,0.054,-0.009,-0.000,-0.000
103.571,-4.126,138.814,51.930,-110.690,-360.000,a_5,-0.654,-0.118,-1.543,-2.020,-0.099,-6.232,-1.710,-0.643,0.203,-0.538,0.925,0.077,0.069,-0.037,-0.208,-0.021,-0.725,0.044,0.082,-0.009,0.730,0.100,-0.032,0.000,-0.000
100.856,-4.876,140.000,53.116,-124.397,-319.351,a_5,-0.612,0.317,-0.907,-1.187,-0.198,-5.372,-1.548,-0.611,0.250,-0.382,1.177,0.005,-0.175,-0.054,-0.240,-0.056,-0.791,0.093,0.110,-0.047,0.448,0.280,-0.055,0.000,-0.000
105.442,1.936,137.910,69.531,-54.004,233.554,a_5,-0.582,0.608,-0.060,-0.078,-0.353,5.590,1.517,0.051,0.247,-1.019,1.365,-0.180,0.013,0.003,-0.307,-0.004,0.147,0.098,0.030,-0.018,-0.338,0.036,0.005,0.000,-0.000
108.094,-7.802,140.000,61.880,-104.309,-71.492,a_5,-0.569,-0.778,-1.187,-1.554,-0.091,-6.604,-1.714,-0.353,0.193,-0.105,0.900,-0.200,0.175,0.012,-0.943,0.017,-0.837,0.065,0.097,0.015,1.190,-0.103,0.031,0.000,-0.000
107.826,-4.579,140.000,61.080,-66.492,100.666,a_5,-0.524,-0.471,0.997,1.305,-0.213,6.311,1.525,0.358,0.114,-0.186,1.210,-0.122,-0.305,-0.016,-0.494,0.017,0.707,0.356,0.085,0.072,-1.123,-0.133,-0.022,0.000,-0.000
105.837,-4.163,134.353,86.667,-120.000,-197.461,a_5,-0.494,0.108,0.462,0.604,-0.352,-5.288,-1.520,0.840,0.109,0.962,1.400,0.089,0.437,0.034,-0.857,-0.001,-0.598,0.210,0.066,-0.002,0.624,0.006,-0.001,0.000,-0.000
111.205,-2.193,113.314,119.238,-120.000,78.884,a_5,-0.384,0.686,-0.435,-0.570,-0.344,-4.790,-1.484,-0.045,0.228,0.217,1.486,1.698,1.841,0.223,-0.991,0.035,0.126,0.210,0.052,0.155,0.229,-0.489,0.054,0.000,-0.000
