q1,q2,q3,q4,q5,q6,index,obj,a_6,d_6,alpha_6,a_5,theta_6,theta_5,a_4,alpha_5,d_5,alpha_4,beta_3,theta_4,alpha_3,a_3,theta_3,beta_2,alpha_2,a_2,d_4,theta_2,alpha_1,a_1,d_1,theta_1
15.049,23.803,139.071,-80.413,64.344,32.294,a_6,-0.807,-0.004,-0.832,-0.937,-0.030,-0.313,0.103,0.087,-0.029,0.093,0.089,-0.079,0.126,0.005,0.033,-0.034,-0.062,-0.004,-0.000,-0.004,0.012,-0.044,0.002,0.000,-0.000
13.555,25.458,137.920,-107.084,55.792,136.090,a_6,-0.622,-0.180,0.941,1.060,0.000,-0.529,-0.146,-0.262,0.476,0.511,-0.421,-0.071,0.216,-0.185,-0.014,0.010,0.071,0.029,-0.021,-0.013,-0.037,0.098,0.003,-0.000,-0.000
14.298,24.952,138.096,-116.998,63.600,-179.909,a_6,-0.602,-0.317,1.170,1.318,0.000,-0.392,-0.466,-0.240,0.429,0.670,-0.901,0.010,0.249,-0.236,-0.015,0.021,0.071,0.010,-0.013,-0.004,-0.013,0.032,0.002,0.000,-0.000
15.943,24.355,138.379,-105.435,113.120,-135.069,a_6,-0.564,-0.180,-0.764,-0.861,0.000,0.347,0.229,-0.216,0.508,0.486,0.474,0.140,0.292,0.090,-0.015,-0.004,0.003,-0.058,-0.001,0.014,0.037,-0.116,0.008,0.000,-0.000
15.840,24.014,137.989,-113.441,108.362,-163.026,a_6,-0.557,-0.247,-0.937,-1.056,0.000,0.270,0.428,-0.186,0.488,0.614,0.787,0.104,0.333,0.126,-0.016,-0.036,-0.005,-0.042,0.004,0.011,0.033,-0.107,0.009,0.000,-0.000
16.747,24.102,137.868,-119.780,96.477,164.880,a_6,-0.546,-0.310,-1.139,-1.283,-0.000,0.099,0.578,-0.070,0.386,0.679,1.210,0.158,0.340,0.197,-0.006,-0.094,-0.055,-0.081,0.008,0.015,0.056,-0.193,0.021,-0.000,-0.000
14.650,-7.710,122.120,-24.410,90.000,-14.640,-2.000,-2.000,-2.000,-2.000,-2.000,-2.000,-2.000,-2.000,-2.000,-2.000,-2.000,-2.000,-2.000,-2.000,-2.000,-2.000,-2.000,-2.000,-2.000,-2.000,-2.000,-2.000,-2.000,-2.000,-2.000,-2.000
44.440,-7.710,122.120,-24.410,90.000,-14.640,-1.000,-1.000,-1.000,-1.000,-1.000,-1.000,-1.000,-1.000,-1.000,-1.000,-1.000,-1.000,-1.000,-1.000,-1.000,-1.000,-1.000,-1.000,-1.000,-1.000,-1.000,-1.000,-1.000,-1.000,-1.000,-1.000
38.440,23.330,134.450,23.580,-25.330,105.710,-1.000,-1.000,-1.000,-1.000,-1.000,-1.000,-1.000,-1.000,-1.000,-1.000,-1.000,-1.000,-1.000,-1.000,-1.000,-1.000,-1.000,-1.000,-1.000,-1.000,-1.000,-1.000,-1.000,-1.000,-1.000,-1.000
17.750,15.880,139.530,24.590,-97.260,105.710,-1.000,-1.000,-1.000,-1.000,-1.000,-1.000,-1.000,-1.000,-1.000,-1.000,-1.000,-1.000,-1.000,-1.000,-1.000,-1.000,-1.000,-1.000,-1.000,-1.000,-1.000,-1.000,-1.000,-1.000,-1.000,-1.000
13.342,23.324,134.448,23.580,-116.864,105.713,a_6,-0.417,-0.421,1.043,1.175,0.000,0.018,0.999,1.406,0.994,-0.004,-0.269,0.076,0.679,-0.541,-0.054,-0.112,-0.065,0.053,0.013,-0.016,-0.044,0.117,0.004,0.000,-0.000
9.300,3.280,137.060,41.070,-120.900,105.820,-3.000,-3.000,-3.000,-3.000,-3.000,-3.000,-3.000,-3.000,-3.000,-3.000,-3.000,-3.000,-3.000,-3.000,-3.000,-3.000,-3.000,-3.000,-3.000,-3.000,-3.000,-3.000,-3.000,-3.000,-3.000,-3.000
9.300,3.280,137.060,41.070,-120.900,-88.140,-3.000,-3.000,-3.000,-3.000,-3.000,-3.000,-3.000,-3.000,-3.000,-3.000,-3.000,-3.000,-3.000,-3.000,-3.000,-3.000,-3.000,-3.000,-3.000,-3.000,-3.000,-3.000,-3.000,-3.000,-3.000,-3.000
17.056,20.052,134.935,25.126,-45.932,-88.140,a_6,-0.380,-0.371,-0.992,-1.117,0.000,-0.403,-1.279,1.242,1.006,-0.154,0.527,0.039,0.798,0.194,-0.042,-0.326,0.072,0.078,0.061,0.023,0.069,-0.217,0.019,0.000,-0.000
14.486,24.055,141.306,-80.266,79.089,-16.764,d_6,-0.557,-0.074,-0.166,-0.084,0.117,-0.109,-0.158,0.018,0.088,0.058,-0.110,-0.017,-0.017,0.025,-0.000,-0.021,0.019,0.006,0.001,0.001,-0.007,0.016,0.002,0.000,-0.000
15.186,24.268,138.225,-99.867,102.657,-13.480,d_6,-0.468,0.186,-0.365,0.210,0.207,0.115,0.310,0.296,-0.203,0.352,0.224,-0.043,0.272,-0.014,0.032,0.032,-0.102,-0.040,0.001,-0.004,0.020,-0.067,0.002,-0.000,-0.000
15.184,24.252,138.424,-99.204,103.189,-13.265,d_6,-0.468,0.187,-0.360,0.211,0.207,0.120,0.321,0.284,-0.191,0.341,0.238,-0.038,0.254,-0.008,0.030,0.028,-0.101,-0.039,0.001,-0.004,0.019,-0.067,0.003,0.000,-0.000
12.966,23.969,142.094,-87.239,110.715,-59.741,d_6,-0.326,0.002,0.263,0.002,-0.605,0.233,-0.203,-0.128,-0.100,0.125,-0.216,-0.141,-0.127,0.012,0.012,-0.154,-0.085,0.040,0.007,-0.021,-0.048,0.101,0.014,0.000,-0.000
16.184,21.309,150.423,-134.289,85.021,179.046,d_6,-0.299,0.045,0.491,0.050,-1.178,-0.063,0.054,-0.482,0.411,0.735,0.021,-0.126,-0.517,0.115,0.084,-0.043,0.022,-0.002,0.048,0.023,0.034,-0.088,0.004,-0.000,-0.000
16.032,21.329,150.310,-133.671,88.090,-173.422,d_6,-0.299,0.032,0.488,0.036,-1.172,-0.012,-0.006,-0.484,0.414,0.727,-0.031,-0.135,-0.512,0.143,0.083,-0.037,0.003,-0.002,0.048,0.021,0.031,-0.079,0.002,0.000,-0.000
14.639,24.612,134.905,-141.614,85.424,179.909,d_6,-0.277,-0.047,-0.476,-0.053,0.948,-0.040,0.211,0.480,-0.194,1.071,-0.019,-0.038,0.719,-0.193,0.010,0.063,0.011,-0.022,-0.006,-0.000,-0.000,0.001,-0.000,-0.000,-0.000
14.650,-7.710,122.120,-24.410,90.000,-14.640,-2.000,-2.000,-2.000,-2.000,-2.000,-2.000,-2.000,-2.000,-2.000,-2.000,-2.000,-2.000,-2.000,-2.000,-2.000,-2.000,-2.000,-2.000,-2.000,-2.000,-2.000,-2.000,-2.000,-2.000,-2.000,-2.000
14.666,20.575,115.287,-2.565,93.404,-21.479,d_6,-0.254,-0.059,0.458,-0.067,-0.144,0.057,-0.156,-0.457,0.524,-0.578,0.156,-1.315,-0.351,-0.223,0.506,-0.385,0.074,0.120,-0.037,-0.000,0.000,-0.001,-0.000,0.000,-0.000
14.650,-7.710,122.120,-24.410,90.000,-14.640,-2.000,-2.000,-2.000,-2.000,-2.000,-2.000,-2.000,-2.000,-2.000,-2.000,-2.000,-2.000,-2.000,-2.000,-2.000,-2.000,-2.000,-2.000,-2.000,-2.000,-2.000,-2.000,-2.000,-2.000,-2.000,-2.000
44.440,-7.710,122.120,-24.410,90.000,-176.949,-1.000,-1.000,-1.000,-1.000,-1.000,-1.000,-1.000,-1.000,-1.000,-1.000,-1.000,-1.000,-1.000,-1.000,-1.000,-1.000,-1.000,-1.000,-1.000,-1.000,-1.000,-1.000,-1.000,-1.000,-1.000,-1.000
38.440,23.330,134.450,23.580,-25.330,-176.949,-1.000,-1.000,-1.000,-1.000,-1.000,-1.000,-1.000,-1.000,-1.000,-1.000,-1.000,-1.000,-1.000,-1.000,-1.000,-1.000,-1.000,-1.000,-1.000,-1.000,-1.000,-1.000,-1.000,-1.000,-1.000,-1.000
17.750,15.880,139.530,24.590,-97.260,-176.949,-1.000,-1.000,-1.000,-1.000,-1.000,-1.000,-1.000,-1.000,-1.000,-1.000,-1.000,-1.000,-1.000,-1.000,-1.000,-1.000,-1.000,-1.000,-1.000,-1.000,-1.000,-1.000,-1.000,-1.000,-1.000,-1.000
14.656,24.572,133.410,46.356,-82.155,-176.949,d_6,-0.225,0.079,0.494,0.089,-1.166,-0.077,-0.049,1.489,0.375,0.758,0.009,0.200,0.633,-0.119,-0.083,0.008,0.017,-0.005,-0.009,0.000,0.000,-0.000,0.000,0.000,-0.000
14.650,-7.710,122.120,-24.410,90.000,-14.640,-2.000,-2.000,-2.000,-2.000,-2.000,-2.000,-2.000,-2.000,-2.000,-2.000,-2.000,-2.000,-2.000,-2.000,-2.000,-2.000,-2.000,-2.000,-2.000,-2.000,-2.000,-2.000,-2.000,-2.000,-2.000,-2.000
14.631,23.389,-10.250,66.911,141.186,57.713,d_6,-0.117,0.224,-0.488,0.253,-0.007,0.710,1.964,0.006,0.484,0.171,0.292,-2.714,0.374,1.143,1.918,-0.082,0.002,0.032,0.005,-0.000,-0.001,0.003,-0.000,0.000,-0.000
14.094,23.685,141.405,-81.206,71.122,48.626,alpha_6,-2.215,0.023,0.309,0.026,-0.924,-0.148,0.301,-0.043,-0.177,0.021,0.102,-0.049,0.010,-0.033,-0.003,0.059,0.018,0.022,-0.000,-0.004,0.000,0.017,-0.008,0.000,-0.000
14.849,23.747,141.490,-80.130,97.449,-55.063,alpha_6,-2.150,-0.021,0.145,-0.024,-0.568,0.049,-0.216,-0.053,-0.016,0.022,-0.089,0.025,0.007,0.035,-0.001,0.024,-0.026,-0.012,0.003,0.002,0.004,-0.005,-0.003,0.000,-0.000
14.650,-7.710,122.120,-24.410,90.000,-14.640,-2.000,-2.000,-2.000,-2.000,-2.000,-2.000,-2.000,-2.000,-2.000,-2.000,-2.000,-2.000,-2.000,-2.000,-2.000,-2.000,-2.000,-2.000,-2.000,-2.000,-2.000,-2.000,-2.000,-2.000,-2.000,-2.000
15.183,23.286,141.740,-91.558,95.345,-129.393,alpha_6,-1.924,-0.048,0.276,-0.055,-1.269,0.058,-0.293,-0.256,0.477,0.110,-0.131,0.041,0.037,0.048,-0.004,0.039,0.000,-0.018,0.012,0.009,0.008,-0.012,-0.002,-0.000,-0.000
15.171,23.260,141.723,-92.699,94.247,-138.184,alpha_6,-1.919,-0.043,0.288,-0.049,-1.326,0.049,-0.254,-0.277,0.533,0.122,-0.107,0.038,0.039,0.043,-0.004,0.035,0.004,-0.016,0.013,0.009,0.008,-0.012,-0.002,0.000,-0.000
15.077,23.340,141.572,-94.108,92.654,-149.839,alpha_6,-1.913,-0.028,0.305,-0.031,-1.391,0.033,-0.189,-0.302,0.597,0.138,-0.073,0.032,0.039,0.029,-0.005,0.025,0.008,-0.012,0.012,0.007,0.006,-0.010,-0.001,0.000,-0.000
14.880,23.567,141.343,-95.444,91.794,-159.170,alpha_6,-1.910,-0.024,0.323,-0.027,-1.437,0.022,-0.122,-0.322,0.636,0.152,-0.043,0.020,0.032,0.011,-0.005,0.014,0.003,-0.006,0.008,0.004,0.003,-0.005,-0.000,0.000,-0.000
14.867,23.357,141.575,-95.557,91.498,-161.213,alpha_6,-1.908,-0.025,0.324,-0.028,-1.443,0.019,-0.105,-0.324,0.643,0.153,-0.032,0.018,0.035,0.010,-0.005,0.017,-0.007,-0.007,0.012,0.004,0.003,-0.005,-0.000,0.000,-0.000
14.803,23.111,141.753,-96.183,88.081,-177.427,alpha_6,-1.898,0.012,0.335,0.013,-1.489,-0.017,0.014,-0.331,0.678,0.160,0.050,0.008,0.042,-0.001,-0.005,0.019,-0.012,-0.003,0.016,0.003,0.002,-0.003,0.000,0.000,-0.000
14.650,-7.710,122.120,-24.410,90.000,-14.640,-2.000,-2.000,-2.000,-2.000,-2.000,-2.000,-2.000,-2.000,-2.000,-2.000,-2.000,-2.000,-2.000,-2.000,-2.000,-2.000,-2.000,-2.000,-2.000,-2.000,-2.000,-2.000,-2.000,-2.000,-2.000,-2.000
15.583,23.891,140.676,-85.518,116.127,-50.336,alpha_6,-1.234,0.034,-0.416,0.038,0.771,0.209,0.323,0.027,0.314,0.139,0.289,0.046,0.043,0.015,0.006,-0.082,-0.076,-0.026,0.005,-0.001,0.020,-0.088,0.012,0.000,-0.000
14.650,-7.710,122.120,-24.410,90.000,-14.640,-2.000,-2.000,-2.000,-2.000,-2.000,-2.000,-2.000,-2.000,-2.000,-2.000,-2.000,-2.000,-2.000,-2.000,-2.000,-2.000,-2.000,-2.000,-2.000,-2.000,-2.000,-2.000,-2.000,-2.000,-2.000,-2.000
44.440,-7.710,122.120,-24.410,90.000,-176.949,-1.000,-1.000,-1.000,-1.000,-1.000,-1.000,-1.000,-1.000,-1.000,-1.000,-1.000,-1.000,-1.000,-1.000,-1.000,-1.000,-1.000,-1.000,-1.000,-1.000,-1.000,-1.000,-1.000,-1.000,-1.000,-1.000
38.440,23.330,134.450,23.580,-25.330,-176.949,-1.000,-1.000,-1.000,-1.000,-1.000,-1.000,-1.000,-1.000,-1.000,-1.000,-1.000,-1.000,-1.000,-1.000,-1.000,-1.000,-1.000,-1.000,-1.000,-1.000,-1.000,-1.000,-1.000,-1.000,-1.000,-1.000
14.113,29.756,142.027,9.328,-81.609,-171.132,alpha_6,-0.988,0.059,0.711,0.066,-1.554,-0.057,-0.191,1.225,0.137,0.720,-0.019,-0.200,-0.505,0.054,0.102,-0.162,0.117,0.030,-0.097,-0.009,-0.006,0.012,-0.001,0.000,-0.000
9.300,3.280,137.060,41.070,-120.900,-171.132,-3.000,-3.000,-3.000,-3.000,-3.000,-3.000,-3.000,-3.000,-3.000,-3.000,-3.000,-3.000,-3.000,-3.000,-3.000,-3.000,-3.000,-3.000,-3.000,-3.000,-3.000,-3.000,-3.000,-3.000,-3.000,-3.000
9.300,3.280,137.060,41.070,-120.900,179.909,-3.000,-3.000,-3.000,-3.000,-3.000,-3.000,-3.000,-3.000,-3.000,-3.000,-3.000,-3.000,-3.000,-3.000,-3.000,-3.000,-3.000,-3.000,-3.000,-3.000,-3.000,-3.000,-3.000,-3.000,-3.000,-3.000
14.693,29.023,143.333,9.262,-84.871,179.909,alpha_6,-0.981,0.160,0.714,0.180,-1.557,-0.087,-0.073,1.228,0.136,0.730,-0.046,-0.226,-0.501,0.102,0.111,-0.138,0.172,0.023,-0.085,0.001,0.000,-0.001,0.000,0.000,-0.000
14.650,-7.710,122.120,-24.410,90.000,-14.640,-2.000,-2.000,-2.000,-2.000,-2.000,-2.000,-2.000,-2.000,-2.000,-2.000,-2.000,-2.000,-2.000,-2.000,-2.000,-2.000,-2.000,-2.000,-2.000,-2.000,-2.000,-2.000,-2.000,-2.000,-2.000,-2.000
14.625,25.295,129.627,-136.613,85.680,-178.747,alpha_6,-0.817,-0.088,-0.738,-0.099,1.473,-0.019,0.244,0.741,-0.160,0.904,-0.003,-0.201,1.253,-0.332,0.071,0.161,0.015,-0.055,-0.008,0.000,-0.001,0.004,-0.000,0.000,-0.000
14.258,25.618,129.466,-135.376,75.213,168.206,alpha_6,-0.812,-0.166,-0.738,-0.187,1.484,-0.068,0.229,0.732,-0.139,0.889,-0.165,-0.241,1.258,-0.385,0.072,0.188,0.077,-0.045,-0.010,0.001,-0.018,0.055,-0.000,0.000,-0.000
15.164,22.879,142.353,-88.409,52.519,59.227,a_5,-2.054,-0.001,0.003,-0.001,-0.006,-0.602,0.039,-0.093,0.080,0.208,0.010,0.039,-0.077,-0.014,0.000,-0.086,-0.033,0.017,0.017,0.005,0.019,-0.057,0.002,-0.000,-0.000
14.650,-7.710,122.120,-24.410,90.000,-14.640,-2.000,-2.000,-2.000,-2.000,-2.000,-2.000,-2.000,-2.000,-2.000,-2.000,-2.000,-2.000,-2.000,-2.000,-2.000,-2.000,-2.000,-2.000,-2.000,-2.000,-2.000,-2.000,-2.000,-2.000,-2.000,-2.000
44.440,-7.710,122.120,-24.410,90.000,-14.640,-1.000,-1.000,-1.000,-1.000,-1.000,-1.000,-1.000,-1.000,-1.000,-1.000,-1.000,-1.000,-1.000,-1.000,-1.000,-1.000,-1.000,-1.000,-1.000,-1.000,-1.000,-1.000,-1.000,-1.000,-1.000,-1.000
38.440,23.330,134.450,23.580,-25.330,105.710,-1.000,-1.000,-1.000,-1.000,-1.000,-1.000,-1.000,-1.000,-1.000,-1.000,-1.000,-1.000,-1.000,-1.000,-1.000,-1.000,-1.000,-1.000,-1.000,-1.000,-1.000,-1.000,-1.000,-1.000,-1.000,-1.000
17.750,15.880,139.530,24.590,-97.260,90.932,-1.000,-1.000,-1.000,-1.000,-1.000,-1.000,-1.000,-1.000,-1.000,-1.000,-1.000,-1.000,-1.000,-1.000,-1.000,-1.000,-1.000,-1.000,-1.000,-1.000,-1.000,-1.000,-1.000,-1.000,-1.000,-1.000
17.611,21.130,136.301,22.568,-111.048,90.932,a_5,-0.572,0.271,0.000,0.306,-0.085,-1.150,-1.249,1.221,0.139,0.244,0.427,0.149,0.593,0.313,-0.065,-0.196,0.196,0.014,0.053,0.038,0.055,-0.174,0.024,0.000,-0.000
9.300,3.280,137.060,41.070,-120.900,90.932,-3.000,-3.000,-3.000,-3.000,-3.000,-3.000,-3.000,-3.000,-3.000,-3.000,-3.000,-3.000,-3.000,-3.000,-3.000,-3.000,-3.000,-3.000,-3.000,-3.000,-3.000,-3.000,-3.000,-3.000,-3.000,-3.000
9.300,3.280,137.060,41.070,-120.900,-111.961,-3.000,-3.000,-3.000,-3.000,-3.000,-3.000,-3.000,-3.000,-3.000,-3.000,-3.000,-3.000,-3.000,-3.000,-3.000,-3.000,-3.000,-3.000,-3.000,-3.000,-3.000,-3.000,-3.000,-3.000,-3.000,-3.000
12.640,25.663,135.449,18.888,-54.103,-111.961,a_5,-0.469,-0.276,0.000,-0.311,-0.171,0.958,1.248,1.320,0.196,0.329,-0.497,-0.015,0.306,-0.466,-0.044,-0.095,-0.001,0.062,-0.023,-0.029,-0.051,0.118,0.009,0.000,-0.000
13.702,25.864,135.810,25.952,-53.654,-144.272,a_5,-0.452,-0.348,-0.000,-0.392,-0.360,1.087,1.662,1.361,0.291,0.418,-0.659,0.027,0.290,-0.409,-0.038,-0.035,0.097,0.041,-0.028,-0.013,-0.025,0.056,0.005,0.000,-0.000
14.221,23.856,141.842,-82.470,80.735,29.093,theta_5,-2.070,-0.173,0.132,-0.195,-0.557,-0.092,0.333,0.001,-0.167,0.053,0.096,-0.023,-0.037,-0.065,-0.002,0.031,0.046,0.023,-0.002,-0.000,-0.005,0.030,-0.006,0.000,-0.000
14.188,23.836,141.939,-83.220,87.326,26.084,theta_5,-2.058,-0.122,0.034,-0.137,-0.444,-0.024,0.366,0.006,-0.093,0.058,0.106,-0.023,-0.043,-0.074,-0.003,0.032,0.053,0.026,-0.002,0.000,-0.005,0.032,-0.007,0.000,-0.000
14.215,23.846,141.924,-82.996,88.570,23.806,theta_5,-2.057,-0.107,0.013,-0.121,-0.403,-0.012,0.355,0.008,-0.079,0.056,0.103,-0.020,-0.042,-0.072,-0.003,0.030,0.052,0.025,-0.002,0.000,-0.005,0.030,-0.007,-0.000,-0.000
13.740,23.667,142.351,-87.782,91.657,46.606,theta_5,-1.987,-0.141,0.000,-0.159,-0.604,0.012,0.572,-0.025,0.001,0.092,0.172,-0.060,-0.066,-0.121,-0.003,0.068,0.072,0.046,-0.003,-0.003,-0.010,0.061,-0.013,-0.000,-0.000
14.833,23.611,141.751,-81.302,88.099,-45.299,theta_5,-1.643,0.104,0.001,0.117,-0.318,-0.016,-0.286,-0.028,0.062,0.051,-0.118,0.037,-0.021,0.061,-0.000,0.005,-0.060,-0.014,0.003,0.001,0.006,-0.012,-0.003,-0.000,-0.000
17.681,20.430,144.482,-103.848,47.706,179.909,theta_5,-0.963,1.145,0.000,1.289,-0.791,-0.476,-0.667,-0.347,0.536,0.336,-0.217,0.256,0.048,0.234,-0.007,0.093,-0.079,-0.070,0.057,0.044,0.084,-0.174,-0.011,0.000,-0.000
18.130,21.095,144.305,-105.987,35.081,121.916,theta_5,-0.733,0.991,-0.141,1.116,0.027,-0.703,-0.534,-0.300,0.269,0.428,-0.160,0.286,-0.020,0.190,0.001,0.025,-0.047,-0.068,0.047,0.046,0.116,-0.270,-0.004,0.000,-0.000
14.650,-7.710,122.120,-24.410,90.000,-14.640,-2.000,-2.000,-2.000,-2.000,-2.000,-2.000,-2.000,-2.000,-2.000,-2.000,-2.000,-2.000,-2.000,-2.000,-2.000,-2.000,-2.000,-2.000,-2.000,-2.000,-2.000,-2.000,-2.000,-2.000,-2.000,-2.000
28.589,20.633,139.604,-14.493,-0.000,-44.523,theta_5,-1.251,-1.409,0.308,-1.588,-0.551,-1.398,-2.872,-0.038,0.483,-0.345,0.820,0.388,0.033,-0.314,0.091,-1.497,-0.930,-0.141,0.077,-0.051,0.276,-0.959,0.204,-0.000,-0.000
14.650,-7.710,122.120,-24.410,90.000,-14.640,-2.000,-2.000,-2.000,-2.000,-2.000,-2.000,-2.000,-2.000,-2.000,-2.000,-2.000,-2.000,-2.000,-2.000,-2.000,-2.000,-2.000,-2.000,-2.000,-2.000,-2.000,-2.000,-2.000,-2.000,-2.000,-2.000
-1.934,27.537,129.472,-15.178,179.909,50.003,theta_5,-0.923,1.280,0.254,1.442,-0.292,1.488,3.322,-0.145,0.549,-0.324,-0.711,-1.245,0.022,-0.485,0.141,-1.789,2.238,0.639,0.105,0.091,-0.393,1.261,0.233,0.000,-0.000
14.650,-7.710,122.120,-24.410,90.000,-14.640,-2.000,-2.000,-2.000,-2.000,-2.000,-2.000,-2.000,-2.000,-2.000,-2.000,-2.000,-2.000,-2.000,-2.000,-2.000,-2.000,-2.000,-2.000,-2.000,-2.000,-2.000,-2.000,-2.000,-2.000,-2.000,-2.000
44.440,-7.710,122.120,-24.410,90.000,-14.640,-1.000,-1.000,-1.000,-1.000,-1.000,-1.000,-1.000,-1.000,-1.000,-1.000,-1.000,-1.000,-1.000,-1.000,-1.000,-1.000,-1.000,-1.000,-1.000,-1.000,-1.000,-1.000,-1.000,-1.000,-1.000,-1.000
38.440,23.330,134.450,23.580,-25.330,-179.909,-1.000,-1.000,-1.000,-1.000,-1.000,-1.000,-1.000,-1.000,-1.000,-1.000,-1.000,-1.000,-1.000,-1.000,-1.000,-1.000,-1.000,-1.000,-1.000,-1.000,-1.000,-1.000,-1.000,-1.000,-1.000,-1.000
17.750,15.880,139.530,24.590,-97.260,-179.909,-1.000,-1.000,-1.000,-1.000,-1.000,-1.000,-1.000,-1.000,-1.000,-1.000,-1.000,-1.000,-1.000,-1.000,-1.000,-1.000,-1.000,-1.000,-1.000,-1.000,-1.000,-1.000,-1.000,-1.000,-1.000,-1.000
13.650,25.114,139.452,16.042,-61.342,-179.909,theta_5,-1.338,-0.156,0.000,-0.176,-0.733,1.085,1.986,1.281,0.615,0.290,-0.637,-0.070,0.039,-0.158,-0.005,-0.056,0.042,0.037,-0.014,-0.014,-0.028,0.059,0.007,-0.000,-0.000
14.730,23.637,141.454,-90.090,115.211,-73.827,a_4,-0.719,-0.251,0.042,-0.283,-0.136,0.362,0.006,-0.158,0.184,0.207,-0.016,0.007,-0.005,-0.004,-0.001,-0.019,-0.012,0.005,0.007,0.001,0.003,-0.007,0.000,0.000,-0.000
14.732,23.633,141.457,-90.076,50.259,73.789,a_4,-0.719,0.442,0.008,0.498,-0.065,-0.570,0.006,-0.158,0.194,0.207,-0.016,0.007,-0.005,-0.004,-0.001,-0.019,-0.012,0.005,0.007,0.001,0.003,-0.007,0.000,0.000,-0.000
14.683,24.182,140.019,-91.289,84.525,-0.087,a_4,-0.645,-0.181,-0.169,-0.204,0.013,-0.068,0.133,0.177,-0.244,0.237,0.015,-0.032,0.106,-0.017,0.012,0.019,-0.008,-0.008,0.000,-0.000,0.001,-0.004,0.000,0.000,-0.000
14.684,24.190,139.996,-91.515,79.673,6.950,a_4,-0.643,-0.327,-0.171,-0.369,0.019,-0.127,0.130,0.179,-0.242,0.241,0.010,-0.032,0.108,-0.019,0.012,0.020,-0.008,-0.009,0.000,-0.000,0.001,-0.004,0.000,0.000,-0.000
14.650,-7.710,122.120,-24.410,90.000,-14.640,-2.000,-2.000,-2.000,-2.000,-2.000,-2.000,-2.000,-2.000,-2.000,-2.000,-2.000,-2.000,-2.000,-2.000,-2.000,-2.000,-2.000,-2.000,-2.000,-2.000,-2.000,-2.000,-2.000,-2.000,-2.000,-2.000
44.440,-7.710,122.120,-24.410,90.000,-14.640,-1.000,-1.000,-1.000,-1.000,-1.000,-1.000,-1.000,-1.000,-1.000,-1.000,-1.000,-1.000,-1.000,-1.000,-1.000,-1.000,-1.000,-1.000,-1.000,-1.000,-1.000,-1.000,-1.000,-1.000,-1.000,-1.000
38.440,23.330,134.450,23.580,-25.330,174.713,-1.000,-1.000,-1.000,-1.000,-1.000,-1.000,-1.000,-1.000,-1.000,-1.000,-1.000,-1.000,-1.000,-1.000,-1.000,-1.000,-1.000,-1.000,-1.000,-1.000,-1.000,-1.000,-1.000,-1.000,-1.000,-1.000
17.750,15.880,139.530,24.590,-97.260,174.713,-1.000,-1.000,-1.000,-1.000,-1.000,-1.000,-1.000,-1.000,-1.000,-1.000,-1.000,-1.000,-1.000,-1.000,-1.000,-1.000,-1.000,-1.000,-1.000,-1.000,-1.000,-1.000,-1.000,-1.000,-1.000,-1.000
14.299,24.662,138.091,17.253,-87.473,174.713,a_4,-4.679,0.209,0.000,0.236,-0.888,-0.057,0.177,1.413,1.566,-0.001,0.031,0.021,0.270,-0.093,-0.021,0.021,0.016,0.002,-0.010,-0.004,-0.011,0.031,-0.000,0.000,-0.000
9.300,3.280,137.060,41.070,-120.900,174.713,-3.000,-3.000,-3.000,-3.000,-3.000,-3.000,-3.000,-3.000,-3.000,-3.000,-3.000,-3.000,-3.000,-3.000,-3.000,-3.000,-3.000,-3.000,-3.000,-3.000,-3.000,-3.000,-3.000,-3.000,-3.000,-3.000
9.300,3.280,137.060,41.070,-120.900,-176.097,-3.000,-3.000,-3.000,-3.000,-3.000,-3.000,-3.000,-3.000,-3.000,-3.000,-3.000,-3.000,-3.000,-3.000,-3.000,-3.000,-3.000,-3.000,-3.000,-3.000,-3.000,-3.000,-3.000,-3.000,-3.000,-3.000
14.244,24.628,138.092,17.336,-82.532,-176.097,a_4,-4.654,0.035,0.000,0.039,-0.890,-0.035,0.088,1.412,1.569,-0.002,0.052,0.015,0.270,-0.087,-0.021,0.019,0.012,0.004,-0.010,-0.005,-0.013,0.036,-0.000,0.000,-0.000
14.509,24.561,137.636,-100.408,86.634,-176.930,alpha_5,-1.439,0.077,0.352,0.087,-1.270,-0.052,0.927,0.002,-0.348,0.339,0.025,0.081,0.258,-0.065,-0.036,0.006,0.008,-0.001,-0.009,-0.002,-0.003,0.008,-0.000,0.000,-0.000
15.058,25.492,117.321,-44.623,78.904,171.516,alpha_5,-0.938,-0.175,0.017,-0.197,-0.051,-0.193,2.416,0.118,0.000,-0.139,0.436,-0.474,2.398,-0.228,0.191,0.194,-0.066,-0.097,-0.008,-0.000,0.018,-0.056,0.001,0.000,-0.000
14.650,-7.710,122.120,-24.410,90.000,-14.640,-2.000,-2.000,-2.000,-2.000,-2.000,-2.000,-2.000,-2.000,-2.000,-2.000,-2.000,-2.000,-2.000,-2.000,-2.000,-2.000,-2.000,-2.000,-2.000,-2.000,-2.000,-2.000,-2.000,-2.000,-2.000,-2.000
44.440,-7.710,122.120,-24.410,90.000,-14.640,-1.000,-1.000,-1.000,-1.000,-1.000,-1.000,-1.000,-1.000,-1.000,-1.000,-1.000,-1.000,-1.000,-1.000,-1.000,-1.000,-1.000,-1.000,-1.000,-1.000,-1.000,-1.000,-1.000,-1.000,-1.000,-1.000
38.440,23.330,134.450,23.580,-25.330,-178.202,-1.000,-1.000,-1.000,-1.000,-1.000,-1.000,-1.000,-1.000,-1.000,-1.000,-1.000,-1.000,-1.000,-1.000,-1.000,-1.000,-1.000,-1.000,-1.000,-1.000,-1.000,-1.000,-1.000,-1.000,-1.000,-1.000
17.750,15.880,139.530,24.590,-97.260,-178.202,-1.000,-1.000,-1.000,-1.000,-1.000,-1.000,-1.000,-1.000,-1.000,-1.000,-1.000,-1.000,-1.000,-1.000,-1.000,-1.000,-1.000,-1.000,-1.000,-1.000,-1.000,-1.000,-1.000,-1.000,-1.000,-1.000
14.364,24.517,139.081,16.401,-83.360,-178.202,alpha_5,-3.085,0.080,0.088,0.090,-0.988,-0.033,1.418,0.105,1.409,0.086,0.034,0.015,0.169,-0.057,-0.016,0.013,0.008,0.002,-0.008,-0.004,-0.008,0.023,-0.000,-0.000,-0.000
14.650,24.050,141.180,-147.995,90.919,-174.428,d_5,-117.461,0.005,-0.126,0.005,0.250,0.012,0.185,0.125,-0.238,1.175,-0.000,-0.000,-0.000,0.000,0.000,-0.000,-0.000,-0.000,-0.000,0.000,-0.000,-0.000,0.000,0.000,-0.000
14.652,24.050,141.180,-144.946,102.963,-154.764,d_5,-109.120,0.081,-0.170,0.091,0.335,0.165,0.191,0.131,-0.246,1.131,-0.000,0.000,0.000,-0.000,-0.000,0.000,-0.000,-0.000,0.000,0.000,0.000,-0.000,0.000,0.000,-0.000
14.650,24.050,141.180,-139.456,74.793,161.241,d_5,-105.832,-0.003,-0.005,-0.003,0.010,-0.225,0.162,-0.000,0.014,1.059,-0.000,-0.000,0.000,-0.000,-0.000,-0.000,-0.000,-0.000,-0.000,0.000,-0.000,-0.000,0.000,-0.000,-0.000
14.650,24.050,141.180,-139.372,107.514,-145.569,d_5,-105.398,0.089,-0.146,0.100,0.294,0.237,0.185,0.081,-0.148,1.054,-0.000,-0.000,0.000,0.000,-0.000,0.000,0.000,-0.000,-0.000,-0.000,-0.000,-0.000,-0.000,0.000,-0.000
14.650,24.050,141.180,-138.264,82.192,173.179,d_5,-103.920,0.021,0.059,0.024,-0.127,-0.120,0.148,-0.055,0.111,1.039,0.000,-0.000,-0.000,0.000,0.000,-0.000,-0.000,-0.000,-0.000,0.000,-0.000,-0.000,0.000,-0.000,-0.000
14.650,24.050,141.180,-133.668,101.431,-156.289,d_5,-96.477,-0.038,0.050,-0.043,-0.110,0.178,0.142,-0.087,0.149,0.968,0.000,0.000,0.000,0.000,0.000,0.000,0.000,-0.000,-0.000,0.000,0.000,-0.000,0.000,-0.000,-0.000
14.650,24.050,141.180,-130.351,112.127,-133.784,d_5,-92.075,0.061,-0.102,0.069,0.212,0.325,0.169,-0.000,0.004,0.921,-0.000,-0.000,0.000,-0.000,-0.000,-0.000,-0.000,-0.000,-0.000,-0.000,-0.000,-0.000,-0.000,-0.000,-0.000
14.650,24.050,141.180,-122.158,116.697,-117.390,d_5,-79.194,0.115,-0.136,0.129,0.285,0.401,0.167,-0.008,0.044,0.792,-0.000,-0.000,-0.000,0.000,0.000,-0.000,-0.000,-0.000,-0.000,0.000,-0.000,-0.000,0.000,-0.000,-0.000
14.650,24.050,141.180,-130.835,81.576,-112.263,alpha_4,-3.189,1.129,-0.130,1.271,-0.199,-0.109,-0.684,0.063,-0.231,0.850,-1.340,-0.000,-0.000,-0.000,-0.000,-0.000,-0.000,-0.000,-0.000,0.000,-0.000,-0.000,-0.000,0.000,-0.000
14.650,24.050,141.180,-127.185,81.663,-104.815,alpha_4,-3.186,1.080,-0.133,1.217,-0.239,-0.108,-0.715,0.063,-0.221,0.788,-1.294,-0.000,-0.000,-0.000,0.000,-0.000,-0.000,0.000,0.000,-0.000,-0.000,0.000,0.000,0.000,-0.000
14.650,24.050,141.180,-133.829,80.355,-121.620,alpha_4,-3.177,1.161,-0.118,1.308,-0.172,-0.126,-0.657,0.043,-0.217,0.902,-1.366,0.000,0.000,-0.000,-0.000,-0.000,-0.000,-0.000,0.000,0.000,-0.000,-0.000,-0.000,0.000,-0.000
14.650,24.050,141.180,-140.199,65.925,179.909,alpha_4,-2.551,0.844,-0.090,0.950,0.084,-0.334,-0.339,-0.060,-0.126,1.054,-0.907,-0.000,0.000,-0.000,-0.000,-0.000,0.000,-0.000,-0.000,0.000,-0.000,-0.000,-0.000,0.000,-0.000
14.650,24.050,141.180,-136.619,106.736,-179.909,alpha_4,-2.424,-0.798,-0.041,-0.898,-0.105,0.229,0.600,-0.099,0.002,0.947,0.832,-0.000,-0.000,-0.000,-0.000,-0.000,-0.000,-0.000,-0.000,-0.000,-0.000,-0.000,-0.000,0.000,-0.000
14.650,-7.710,122.120,-24.410,90.000,-14.640,-2.000,-2.000,-2.000,-2.000,-2.000,-2.000,-2.000,-2.000,-2.000,-2.000,-2.000,-2.000,-2.000,-2.000,-2.000,-2.000,-2.000,-2.000,-2.000,-2.000,-2.000,-2.000,-2.000,-2.000,-2.000,-2.000
44.440,-7.710,122.120,-24.410,90.000,-14.640,-1.000,-1.000,-1.000,-1.000,-1.000,-1.000,-1.000,-1.000,-1.000,-1.000,-1.000,-1.000,-1.000,-1.000,-1.000,-1.000,-1.000,-1.000,-1.000,-1.000,-1.000,-1.000,-1.000,-1.000,-1.000,-1.000
38.440,23.330,134.450,23.580,-25.330,-148.001,-1.000,-1.000,-1.000,-1.000,-1.000,-1.000,-1.000,-1.000,-1.000,-1.000,-1.000,-1.000,-1.000,-1.000,-1.000,-1.000,-1.000,-1.000,-1.000,-1.000,-1.000,-1.000,-1.000,-1.000,-1.000,-1.000
17.750,15.880,139.530,24.590,-97.260,-148.001,-1.000,-1.000,-1.000,-1.000,-1.000,-1.000,-1.000,-1.000,-1.000,-1.000,-1.000,-1.000,-1.000,-1.000,-1.000,-1.000,-1.000,-1.000,-1.000,-1.000,-1.000,-1.000,-1.000,-1.000,-1.000,-1.000
21.244,26.882,132.820,29.552,-48.041,-148.001,alpha_4,-0.756,-0.662,0.000,-0.745,-0.738,-0.889,-1.731,1.061,2.025,-0.341,1.627,0.688,0.815,0.515,0.017,-0.142,-0.440,-0.425,0.005,0.032,0.193,-0.608,0.075,0.000,-0.000
9.300,3.280,137.060,41.070,-120.900,-148.001,-3.000,-3.000,-3.000,-3.000,-3.000,-3.000,-3.000,-3.000,-3.000,-3.000,-3.000,-3.000,-3.000,-3.000,-3.000,-3.000,-3.000,-3.000,-3.000,-3.000,-3.000,-3.000,-3.000,-3.000,-3.000,-3.000
9.300,3.280,137.060,41.070,-120.900,164.189,-3.000,-3.000,-3.000,-3.000,-3.000,-3.000,-3.000,-3.000,-3.000,-3.000,-3.000,-3.000,-3.000,-3.000,-3.000,-3.000,-3.000,-3.000,-3.000,-3.000,-3.000,-3.000,-3.000,-3.000,-3.000,-3.000
7.159,31.924,129.036,23.906,-116.899,164.189,alpha_4,-0.562,0.538,0.000,0.606,-0.698,0.709,1.623,1.229,1.768,-0.136,-1.446,-1.007,0.542,-1.012,-0.001,-0.279,0.836,0.429,-0.075,-0.065,-0.247,0.698,0.066,0.000,-0.000
14.650,-7.710,122.120,-24.410,90.000,-14.640,-2.000,1.000,-2.000,-2.000,-2.000,-2.000,-2.000,-2.000,-2.000,-2.000,-2.000,-2.000,-2.000,-2.000,-2.000,-2.000,-2.000,-2.000,-2.000,-2.000,-2.000,-2.000,-2.000,-2.000,-2.000,-2.000
-1.861,44.691,141.651,-141.085,114.088,38.208,beta_3,-0.939,0.286,0.259,0.232,0.322,-0.604,-1.384,1.268,-0.102,0.764,0.412,-3.272,-1.358,0.045,0.176,-0.466,1.787,1.418,-0.215,-0.147,-0.408,1.561,0.140,0.000,-0.000
-1.059,44.412,139.251,-136.230,110.093,55.333,beta_3,-0.939,0.289,0.259,0.174,0.326,-0.527,-1.085,1.392,-0.125,0.728,0.227,-3.046,-1.179,-0.096,0.158,-0.411,1.693,1.329,-0.223,-0.145,-0.396,1.480,0.128,-0.000,-0.000
-1.156,44.691,142.128,-140.291,113.933,33.074,beta_3,-0.938,0.301,0.259,0.238,0.339,-0.598,-1.401,1.200,-0.099,0.741,0.390,-3.258,-1.369,0.139,0.176,-0.425,1.850,1.389,-0.213,-0.137,-0.403,1.495,0.138,0.000,-0.000
14.650,-7.710,122.120,-24.410,90.000,-14.640,-2.000,-2.000,-2.000,-2.000,-2.000,-2.000,-2.000,-2.000,-2.000,-2.000,-2.000,-2.000,-2.000,-2.000,-2.000,-2.000,-2.000,-2.000,-2.000,-2.000,-2.000,-2.000,-2.000,-2.000,-2.000,-2.000
24.934,35.181,150.127,-115.376,57.150,-12.013,beta_3,-0.916,-0.357,0.259,-0.462,-0.402,-0.601,-0.926,-0.810,0.010,0.372,-0.326,2.156,-0.552,-0.163,0.045,0.304,-1.222,-1.231,-0.034,0.029,0.327,-0.952,0.123,0.000,-0.000
24.750,35.319,150.440,-118.369,53.874,-0.380,beta_3,-0.914,-0.439,0.259,-0.513,-0.495,-0.650,-0.997,-0.678,0.024,0.400,-0.358,2.197,-0.566,-0.196,0.039,0.332,-1.267,-1.244,-0.032,0.025,0.319,-0.938,0.122,0.000,-0.000
24.950,35.188,148.922,-110.575,59.897,-26.448,beta_3,-0.913,-0.324,0.259,-0.418,-0.364,-0.527,-0.761,-0.994,-0.006,0.328,-0.219,2.081,-0.477,-0.085,0.050,0.294,-1.162,-1.219,-0.039,0.033,0.329,-0.950,0.123,0.000,-0.000
25.284,32.058,137.913,-127.753,50.152,179.909,beta_3,-0.780,-0.309,0.259,-0.546,-0.348,-0.518,0.574,-0.725,-0.065,0.756,0.621,1.371,0.332,0.534,0.045,0.113,-0.352,-0.855,-0.055,0.084,0.363,-0.940,0.101,0.000,-0.000
14.650,-7.710,122.120,-24.410,90.000,-14.640,-2.000,1.000,-2.000,-2.000,-2.000,-2.000,-2.000,-2.000,-2.000,-2.000,-2.000,-2.000,-2.000,-2.000,-2.000,-2.000,-2.000,-2.000,-2.000,-2.000,-2.000,-2.000,-2.000,-2.000,-2.000,-2.000
14.945,24.688,-28.648,81.342,79.111,-55.918,beta_3,-2.935,0.011,-0.019,-0.186,0.013,-0.220,0.092,-0.937,-0.011,0.219,-0.150,-6.423,0.063,-0.417,1.987,0.090,-0.008,-0.039,-0.006,0.001,0.014,-0.040,-0.000,0.000,-0.000
14.650,-7.710,122.120,-24.410,90.000,-14.640,-2.000,1.000,-2.000,-2.000,-2.000,-2.000,-2.000,-2.000,-2.000,-2.000,-2.000,-2.000,-2.000,-2.000,-2.000,-2.000,-2.000,-2.000,-2.000,-2.000,-2.000,-2.000,-2.000,-2.000,-2.000,-2.000
14.650,24.050,122.597,-49.725,67.177,146.086,theta_4,-6.641,0.169,-0.012,1.942,-0.508,-0.341,0.214,0.054,0.190,-0.103,0.480,-0.085,2.061,0.000,0.000,0.000,-0.000,-0.000,-0.000,-0.000,-0.000,0.000,-0.000,-0.000,-0.000
14.650,24.050,122.495,-49.554,68.079,147.625,theta_4,-6.641,0.148,-0.012,1.958,-0.520,-0.327,0.216,0.054,0.166,-0.104,0.482,-0.085,2.072,-0.000,-0.000,-0.000,-0.000,-0.000,0.000,0.000,0.000,-0.000,0.000,0.000,-0.000
14.650,24.050,122.205,-49.202,71.673,153.522,theta_4,-6.623,0.059,-0.011,2.007,-0.559,-0.272,0.222,0.055,0.066,-0.105,0.488,-0.084,2.104,-0.000,-0.000,0.000,0.000,0.000,-0.000,-0.000,-0.000,0.000,-0.000,0.000,-0.000
14.650,24.050,145.445,-92.436,91.976,-8.110,theta_4,-5.304,0.095,0.018,-0.408,-0.169,0.033,0.170,-0.028,0.107,0.214,-0.071,0.054,-0.473,0.000,0.002,-0.000,-0.000,0.000,0.000,0.000,0.000,-0.000,0.000,0.000,-0.000
14.650,-7.710,122.120,-24.410,90.000,-14.640,-2.000,1.000,-2.000,-2.000,-2.000,-2.000,-2.000,-2.000,-2.000,-2.000,-2.000,-2.000,-2.000,-2.000,-2.000,-2.000,-2.000,-2.000,-2.000,-2.000,-2.000,-2.000,-2.000,-2.000,-2.000,-2.000
45.000,9.890,101.340,-109.380,-4.750,-48.380,-1.000,-1.000,-1.000,-1.000,-1.000,-1.000,-1.000,-1.000,-1.000,-1.000,-1.000,-1.000,-1.000,-1.000,-1.000,-1.000,-1.000,-1.000,-1.000,-1.000,-1.000,-1.000,-1.000,-1.000,-1.000,-1.000
14.815,24.507,84.076,-179.909,-83.379,-76.403,theta_4,-5.961,0.261,-0.089,-0.326,-0.206,-0.363,-1.294,1.800,0.294,0.669,0.566,-0.802,5.246,-0.086,0.490,0.053,-0.017,-0.030,-0.004,0.001,0.007,-0.021,0.001,-0.000,-0.000
14.612,23.966,117.631,-20.835,104.796,-97.982,alpha_3,-7.403,0.320,0.000,0.360,-0.338,0.163,-0.311,0.160,1.467,-0.345,-0.604,-0.064,1.852,-3.405,0.086,-0.012,-0.007,0.001,0.001,-0.000,-0.002,0.004,0.000,0.000,-0.000
14.550,23.990,110.080,8.398,62.718,61.364,alpha_3,-4.564,0.014,0.000,0.016,-0.182,-0.276,0.431,0.276,1.344,-0.562,0.334,-0.499,2.167,2.698,0.192,0.001,0.014,0.008,-0.000,0.000,-0.002,0.010,-0.001,-0.000,-0.000
14.646,24.099,127.414,-70.780,77.899,-152.481,alpha_3,-4.098,1.091,-0.084,1.229,-0.336,-0.163,-0.421,-0.043,1.346,0.132,-0.998,0.173,1.362,-1.682,-0.003,0.004,0.005,-0.000,-0.001,-0.000,-0.000,0.000,0.000,0.000,-0.000
14.650,24.050,124.210,-59.377,68.912,179.909,alpha_3,-3.635,1.010,-0.165,1.137,-0.221,-0.295,-0.252,-0.007,1.718,0.017,-0.586,0.102,1.858,-1.604,0.000,-0.000,0.000,0.000,-0.000,-0.000,-0.000,0.000,0.000,-0.000,-0.000
14.589,24.060,120.157,-44.635,69.476,179.909,alpha_3,-3.411,0.911,-0.212,1.026,-0.151,-0.284,-0.220,0.058,2.052,-0.149,-0.454,-0.068,2.291,-1.874,0.053,-0.004,0.005,0.003,0.000,-0.000,-0.003,0.008,0.000,-0.000,-0.000
14.650,24.050,144.353,-87.352,91.412,3.666,alpha_3,-2.749,0.084,0.000,0.094,-0.207,0.018,0.282,-0.017,-0.215,0.112,-0.077,0.103,-0.267,-0.235,0.000,-0.000,-0.000,-0.000,0.000,0.000,-0.000,-0.000,0.000,0.000,-0.000
14.742,24.170,123.575,-61.353,100.228,-179.909,alpha_3,-1.790,-1.160,-0.098,-1.306,-0.226,0.137,0.461,-0.013,1.586,0.052,1.100,-0.251,1.682,0.890,0.035,0.007,-0.012,-0.011,-0.001,0.000,0.003,-0.010,0.001,0.000,-0.000
14.650,-7.710,122.120,-24.410,90.000,-14.640,-2.000,1.000,-2.000,-2.000,-2.000,-2.000,-2.000,-2.000,-2.000,-2.000,-2.000,-2.000,-2.000,-2.000,-2.000,-2.000,-2.000,-2.000,-2.000,-2.000,-2.000,-2.000,-2.000,-2.000,-2.000,-2.000
45.000,9.890,101.340,-109.380,-4.750,-48.380,-1.000,-1.000,-1.000,-1.000,-1.000,-1.000,-1.000,-1.000,-1.000,-1.000,-1.000,-1.000,-1.000,-1.000,-1.000,-1.000,-1.000,-1.000,-1.000,-1.000,-1.000,-1.000,-1.000,-1.000,-1.000,-1.000
14.435,23.894,92.197,-179.909,-80.059,94.218,alpha_3,-3.041,-0.356,-0.242,-0.401,-0.020,0.591,2.070,1.708,-0.303,0.821,-1.183,-1.266,4.761,-3.669,0.365,-0.034,0.010,0.015,0.002,-0.001,-0.010,0.028,0.001,0.000,-0.000
14.650,-7.710,122.120,-24.410,90.000,-14.640,-2.000,1.000,-2.000,-2.000,-2.000,-2.000,-2.000,-2.000,-2.000,-2.000,-2.000,-2.000,-2.000,-2.000,-2.000,-2.000,-2.000,-2.000,-2.000,-2.000,-2.000,-2.000,-2.000,-2.000,-2.000,-2.000
14.650,24.050,-28.641,85.567,98.349,69.174,a_3,-3.710,0.067,-0.009,0.075,-0.271,0.143,1.537,-0.018,0.411,0.155,-0.027,-3.249,0.359,0.589,1.979,0.000,-0.000,-0.000,-0.000,0.000,0.000,-0.000,0.000,0.000,-0.000
14.650,24.050,-28.648,85.341,97.787,93.548,a_3,-3.626,-0.004,-0.001,-0.004,-0.318,0.133,1.588,-0.024,0.852,0.159,-0.020,-3.174,0.797,0.438,1.975,-0.000,-0.000,-0.000,-0.000,-0.000,-0.000,-0.000,-0.000,0.000,-0.000
14.650,24.050,-11.316,76.843,99.294,40.783,a_3,-3.471,0.127,-0.029,0.143,-0.098,0.159,1.265,-0.000,0.248,0.007,-0.014,-3.545,0.219,0.777,1.933,0.000,0.000,0.000,-0.000,-0.000,-0.000,0.000,-0.000,0.000,-0.000
14.650,24.050,-0.299,66.673,97.765,77.379,a_3,-3.414,-0.070,-0.026,-0.079,-0.146,0.133,1.570,-0.000,0.856,-0.007,0.112,-3.099,0.850,0.923,1.869,-0.000,-0.000,-0.000,-0.000,0.000,-0.000,-0.000,-0.000,-0.000,-0.000
14.650,24.050,0.654,59.763,95.582,52.748,a_3,-3.391,-0.123,-0.026,-0.138,-0.111,0.095,1.311,0.011,0.260,0.095,0.228,-3.438,0.286,0.939,1.872,-0.000,-0.000,-0.000,-0.000,0.000,-0.000,-0.000,-0.000,0.000,-0.000
14.650,24.051,-14.618,62.479,79.965,77.286,a_3,-3.288,-0.313,-0.028,-0.353,-0.002,-0.170,1.056,0.027,0.313,0.312,0.235,-3.868,0.325,0.531,1.949,0.000,-0.000,-0.000,-0.000,0.000,0.000,-0.000,0.000,-0.000,-0.000
14.639,24.084,0.026,77.888,88.815,59.281,a_3,-3.264,0.113,-0.018,0.127,0.030,-0.020,1.195,0.020,0.874,-0.207,-0.131,-3.471,0.917,0.652,1.871,0.004,0.002,-0.001,-0.000,0.000,-0.000,0.002,-0.000,-0.000,-0.000
14.657,24.046,4.747,65.681,100.178,21.063,a_3,-3.217,0.122,-0.024,0.137,0.005,0.175,0.970,-0.005,0.196,-0.078,0.056,-3.769,0.157,0.781,1.851,-0.000,-0.001,-0.000,0.000,-0.000,0.000,-0.001,0.000,0.000,-0.000
14.650,-7.710,122.120,-24.410,90.000,-14.640,-2.000,1.000,-2.000,-2.000,-2.000,-2.000,-2.000,-2.000,-2.000,-2.000,-2.000,-2.000,-2.000,-2.000,-2.000,-2.000,-2.000,-2.000,-2.000,-2.000,-2.000,-2.000,-2.000,-2.000,-2.000,-2.000
8.265,-29.445,117.223,-25.030,98.828,17.809,theta_3,-2.849,0.115,0.000,0.130,-0.320,0.121,0.814,-0.011,-0.782,0.470,0.140,-2.181,-0.800,-1.652,0.778,-7.285,0.196,1.878,0.191,-0.029,-0.235,0.848,-0.001,0.000,-0.000
8.653,-27.285,122.382,-35.079,89.044,33.600,theta_3,-2.833,-0.118,0.000,-0.133,-0.296,-0.043,0.804,-0.000,-0.730,0.515,0.162,-1.974,-0.733,-1.583,0.656,-6.975,0.182,1.833,0.200,-0.027,-0.223,0.796,-0.002,0.000,-0.000
8.612,-26.006,122.954,-24.338,105.997,-2.237,theta_3,-2.811,0.316,0.000,0.356,-0.181,0.249,0.656,-0.033,-0.547,0.301,0.027,-1.834,-0.644,-1.790,0.627,-6.822,0.003,1.812,0.205,-0.027,-0.226,0.801,0.001,0.000,-0.000
8.135,-29.805,103.104,-9.416,99.153,28.160,theta_3,-2.806,0.081,0.000,0.091,-0.324,0.127,1.004,-0.015,-0.668,0.448,0.170,-2.627,-0.691,-1.430,1.029,-7.321,0.350,1.859,0.188,-0.029,-0.237,0.865,-0.004,0.000,-0.000
8.591,-27.269,106.465,-17.521,82.020,60.798,theta_3,-2.782,-0.238,0.000,-0.269,-0.171,-0.162,0.949,-0.007,-0.304,0.486,0.189,-2.464,-0.348,-1.483,0.926,-6.963,0.291,1.816,0.199,-0.027,-0.224,0.804,-0.003,0.000,-0.000
9.925,-22.025,128.496,-34.625,102.438,-10.945,theta_3,-2.728,0.267,0.012,0.301,-0.184,0.196,0.399,-0.027,-0.566,0.316,0.003,-1.440,-0.635,-1.896,0.494,-6.270,-0.229,1.769,0.203,-0.020,-0.187,0.629,0.002,0.000,-0.000
11.519,-5.536,135.269,-55.492,99.801,-14.294,theta_3,-2.556,0.226,-0.015,0.255,-0.127,0.162,0.287,0.007,-0.454,0.276,-0.011,-0.885,-0.453,-1.262,0.269,-4.092,-0.113,1.248,0.138,-0.006,-0.133,0.431,0.002,0.000,-0.000
8.580,-27.965,105.924,-16.195,100.456,-41.041,theta_3,-2.556,0.357,0.000,0.402,-0.228,0.151,-0.183,0.003,-0.609,0.495,-0.124,-2.411,-0.627,-3.038,0.968,-7.161,-0.549,1.952,0.182,-0.026,-0.234,0.807,0.010,-0.000,-0.000
10.134,-15.774,98.536,-16.285,105.822,-143.011,theta_3,-2.322,0.036,-0.000,0.041,0.008,0.251,0.047,-0.020,1.224,0.411,-0.170,-2.327,1.185,-2.723,0.872,-5.381,-0.410,1.544,0.220,-0.020,-0.180,0.597,0.004,0.000,-0.000
14.650,-7.710,122.120,-24.410,90.000,-14.640,-2.000,1.000,-2.000,-2.000,-2.000,-2.000,-2.000,-2.000,-2.000,-2.000,-2.000,-2.000,-2.000,-2.000,-2.000,-2.000,-2.000,-2.000,-2.000,-2.000,-2.000,-2.000,-2.000,-2.000,-2.000,-2.000
-3.088,43.656,-14.178,61.743,99.182,67.352,beta_2,-0.883,-0.080,0.006,-0.090,0.049,0.226,1.670,-0.005,0.602,0.017,0.082,-3.742,0.635,0.273,1.842,1.845,3.091,1.115,-0.099,0.070,-0.442,2.517,0.038,0.000,-0.000
-3.927,41.356,-8.795,71.256,108.664,55.403,beta_2,-0.879,0.234,0.006,0.264,0.019,0.396,1.850,-0.030,0.766,-0.197,-0.193,-3.639,0.695,0.225,1.827,1.537,3.190,1.187,-0.079,0.073,-0.444,2.638,0.041,-0.000,-0.000
-2.449,43.241,-10.551,83.324,102.681,49.494,beta_2,-0.876,0.342,0.005,0.385,0.172,0.283,1.587,-0.008,1.038,-0.409,-0.427,-3.913,0.974,0.135,1.825,1.785,3.004,1.057,-0.096,0.067,-0.441,2.424,0.039,0.000,-0.000
-2.698,41.236,-5.658,58.992,91.077,88.739,beta_2,-0.875,-0.053,0.018,-0.060,0.176,0.085,1.528,-0.016,1.093,-0.038,-0.061,-3.881,1.066,0.065,1.808,1.525,3.013,1.073,-0.080,0.067,-0.442,2.460,0.040,-0.000,-0.000
3.506,44.690,-21.695,68.776,109.733,-61.619,beta_2,-0.874,0.385,0.000,0.434,0.188,0.375,-0.045,-0.006,0.530,0.003,-0.211,-5.580,0.473,-0.316,1.860,2.016,2.267,0.511,-0.120,0.038,-0.374,1.563,0.033,0.000,-0.000
-7.218,33.055,13.412,47.676,108.446,92.909,beta_2,-0.873,-0.029,0.000,-0.033,0.014,0.394,2.032,-0.014,1.127,-0.011,-0.056,-3.404,1.172,-0.039,1.724,0.332,3.583,1.403,-0.016,0.078,-0.444,3.107,0.059,0.000,-0.000
3.644,44.690,-17.722,70.909,113.338,-78.412,beta_2,-0.871,0.263,-0.000,0.296,0.283,0.440,-0.043,-0.019,1.006,-0.101,-0.219,-5.569,0.943,-0.471,1.845,2.014,2.252,0.501,-0.120,0.037,-0.372,1.543,0.033,-0.000,-0.000
16.058,16.103,135.745,-84.537,98.837,-99.719,beta_2,-0.966,0.494,0.003,0.557,-0.069,0.151,-0.543,0.019,0.594,0.378,-0.526,0.280,0.590,-0.962,0.050,-0.846,-0.554,0.203,0.062,0.003,0.069,-0.185,-0.005,0.000,-0.000
1.922,26.963,127.152,-61.866,103.623,85.502,beta_2,-0.873,-0.126,-0.000,-0.141,0.051,0.284,1.843,-0.009,0.992,-0.015,0.139,-1.803,1.040,0.429,0.116,-0.164,2.101,0.703,-0.000,0.052,-0.391,1.797,0.023,0.000,-0.000
14.650,-7.710,122.120,-24.410,90.000,-14.640,-2.000,1.000,-2.000,-2.000,-2.000,-2.000,-2.000,-2.000,-2.000,-2.000,-2.000,-2.000,-2.000,-2.000,-2.000,-2.000,-2.000,-2.000,-2.000,-2.000,-2.000,-2.000,-2.000,-2.000,-2.000,-2.000
15.102,-28.984,118.048,-27.096,87.031,-43.052,alpha_2,-1.770,0.202,0.000,0.228,-0.301,-0.048,-0.550,-0.005,-0.563,0.483,-0.293,-1.836,-0.566,-3.281,0.763,-6.971,-0.991,2.395,0.186,0.002,0.021,-0.059,-0.001,0.000,-0.000
15.440,44.691,-14.421,65.186,81.735,107.160,alpha_2,-1.171,-0.297,0.024,1.537,0.139,-0.146,1.093,-0.018,-0.334,-0.091,0.352,-3.373,1.482,1.340,1.826,2.693,-0.062,-1.116,-0.126,-0.003,0.035,-0.108,0.002,0.000,-0.000
21.083,44.691,-32.217,85.479,89.647,57.094,alpha_2,-1.026,-0.145,0.013,-0.164,-0.068,-0.022,1.169,-0.012,0.650,-0.114,0.190,-3.018,0.628,1.892,1.886,2.712,-0.832,-1.712,-0.142,-0.016,0.319,-0.861,0.022,0.000,-0.000
16.259,44.691,-54.217,99.155,84.053,77.321,alpha_2,-0.999,0.007,0.008,0.008,-0.094,-0.100,1.204,-0.001,0.813,0.010,-0.022,-3.457,0.823,1.013,1.971,2.225,0.173,-1.035,-0.229,0.003,0.074,-0.217,0.003,0.000,-0.000
14.650,-7.710,122.120,-24.410,90.000,-14.640,-2.000,1.000,-2.000,-2.000,-2.000,-2.000,-2.000,-2.000,-2.000,-2.000,-2.000,-2.000,-2.000,-2.000,-2.000,-2.000,-2.000,-2.000,-2.000,-2.000,-2.000,-2.000,-2.000,-2.000,-2.000,-2.000
45.000,9.890,101.340,-109.380,-4.750,-48.380,-1.000,-1.000,-1.000,-1.000,-1.000,-1.000,-1.000,-1.000,-1.000,-1.000,-1.000,-1.000,-1.000,-1.000,-1.000,-1.000,-1.000,-1.000,-1.000,-1.000,-1.000,-1.000,-1.000,-1.000,-1.000,-1.000
14.863,-2.866,77.876,-179.909,-75.446,-161.619,alpha_2,-0.988,-0.173,0.008,-0.195,-0.126,0.201,0.271,1.966,1.655,0.258,-0.020,-2.561,3.286,-2.340,1.001,-3.363,-0.457,1.118,0.201,0.001,0.009,-0.028,0.000,0.000,-0.000
14.844,-1.994,79.699,-179.909,-90.053,-166.801,alpha_2,-1.013,0.075,0.031,0.084,-0.184,-0.131,-0.205,1.963,1.651,0.291,0.080,-2.344,3.337,-1.810,0.959,-3.250,-0.299,1.094,0.194,0.001,0.009,-0.025,0.000,-0.000,-0.000
14.650,-7.710,122.120,-24.410,90.000,-14.640,-2.000,1.000,-2.000,-2.000,-2.000,-2.000,-2.000,-2.000,-2.000,-2.000,-2.000,-2.000,-2.000,-2.000,-2.000,-2.000,-2.000,-2.000,-2.000,-2.000,-2.000,-2.000,-2.000,-2.000,-2.000,-2.000
14.650,37.242,-59.680,100.702,98.108,61.678,a_2,-0.251,0.091,0.000,0.103,-0.296,0.139,1.469,-0.027,0.194,0.201,-0.035,-3.216,0.125,0.780,1.973,1.316,0.222,-0.525,-0.159,0.000,-0.000,-0.000,0.000,-0.000,-0.000
14.650,37.242,-55.777,89.302,96.676,94.082,a_2,-0.247,-0.181,0.000,-0.203,-0.305,0.114,1.554,-0.021,0.568,0.331,0.214,-3.167,0.544,0.691,1.980,1.318,0.214,-0.529,-0.158,-0.000,-0.000,-0.000,-0.000,0.000,-0.000
14.650,37.242,-56.052,104.341,88.435,74.388,a_2,-0.244,0.131,0.018,0.148,-0.204,-0.027,1.297,-0.015,0.625,0.076,-0.148,-3.434,0.601,0.613,1.984,1.311,0.243,-0.515,-0.160,-0.000,-0.000,0.000,-0.000,-0.000,-0.000
14.660,37.242,-58.593,108.057,84.638,59.666,a_2,-0.240,0.134,0.017,0.399,-0.121,-0.092,1.074,-0.012,0.151,0.056,-0.173,-3.719,0.393,0.610,1.984,1.305,0.274,-0.500,-0.161,0.000,0.000,-0.001,0.000,0.000,-0.000
14.650,-6.152,21.944,50.933,84.676,43.035,a_2,-0.237,-0.120,0.022,-0.445,-0.245,-0.092,0.879,-0.021,-0.135,0.402,0.035,-4.020,-0.493,-0.541,1.859,-3.828,-0.304,1.273,0.208,-0.000,-0.000,-0.000,-0.000,-0.000,-0.000
14.650,37.242,-51.545,82.598,95.758,134.682,a_2,-0.228,-0.266,0.006,-0.299,-0.197,0.098,1.221,-0.020,1.186,0.374,0.244,-3.637,1.171,0.411,1.991,1.307,0.263,-0.505,-0.161,0.000,-0.000,-0.000,0.000,0.000,-0.000
14.650,-7.710,122.120,-24.410,90.000,-14.640,-2.000,1.000,-2.000,-2.000,-2.000,-2.000,-2.000,-2.000,-2.000,-2.000,-2.000,-2.000,-2.000,-2.000,-2.000,-2.000,-2.000,-2.000,-2.000,-2.000,-2.000,-2.000,-2.000,-2.000,-2.000,-2.000
22.936,16.859,148.969,-69.616,40.107,12.906,d_4,-0.188,0.111,-0.000,0.125,-0.002,-0.303,-0.247,0.090,0.019,-0.013,0.375,0.300,-0.064,0.227,0.016,-0.248,0.379,-0.029,0.132,0.120,0.204,-0.466,0.036,0.000,-0.000
28.687,23.558,120.350,-48.464,40.107,-20.550,d_4,-0.123,-0.588,0.002,-0.662,-0.130,-0.704,-1.252,-0.078,-0.011,0.015,-0.411,-0.668,0.484,-0.875,0.380,-0.155,-2.569,-0.407,0.022,-0.201,0.387,-1.082,0.066,0.000,-0.000
34.979,27.335,94.544,-22.871,34.617,-20.432,d_4,-0.119,-0.758,0.012,-0.854,-0.184,-0.879,-1.554,-0.126,-0.047,0.030,-0.171,-2.022,0.393,-0.219,0.752,0.119,-3.881,-0.888,0.080,-0.282,0.614,-1.520,0.119,0.000,-0.000
39.552,32.531,75.662,7.768,30.381,-41.325,d_4,-0.115,-0.786,0.078,-0.886,-0.265,-1.139,-2.224,-0.319,0.304,-0.146,0.257,-2.770,0.293,0.396,0.955,0.640,-4.966,-1.517,0.139,-0.338,0.803,-1.817,0.158,0.000,-0.000
32.765,26.999,98.217,-24.343,19.013,103.710,d_4,-0.111,-1.257,-0.000,-1.415,0.747,-1.052,-1.099,-0.144,0.633,0.027,0.440,-1.519,0.476,0.475,0.685,-0.162,-3.371,-0.793,0.082,-0.237,0.502,-1.356,0.136,0.000,-0.000
96.539,-81.723,32.728,97.403,40.107,99.455,d_4,-0.159,1.072,0.399,1.208,-0.463,0.296,1.644,-0.367,0.166,0.321,-2.802,-4.923,-0.484,-2.390,1.511,-3.864,0.622,9.717,0.573,1.118,4.879,-1.930,-0.199,0.000,-0.000
14.650,-7.710,122.120,-24.410,90.000,-14.640,-2.000,2.000,-2.000,-2.000,-2.000,-2.000,-2.000,-2.000,-2.000,-2.000,-2.000,-2.000,-2.000,-2.000,-2.000,-2.000,-2.000,-2.000,-2.000,-2.000,-2.000,-2.000,-2.000,-2.000,-2.000,-2.000
50.000,-30.000,55.000,47.000,78.000,180.000,-1.000,1.000,-1.000,-1.000,-1.000,-1.000,-1.000,-1.000,-1.000,-1.000,-1.000,-1.000,-1.000,-1.000,-1.000,-1.000,-1.000,-1.000,-1.000,-1.000,-1.000,-1.000,-1.000,-1.000,-1.000,-1.000
103.528,-50.000,-11.701,103.000,67.000,180.000,-1.000,1.000,-1.000,-1.000,-1.000,-1.000,-1.000,-1.000,-1.000,-1.000,-1.000,-1.000,-1.000,-1.000,-1.000,-1.000,-1.000,-1.000,-1.000,-1.000,-1.000,-1.000,-1.000,-1.000,-1.000,-1.000
129.488,-30.434,-14.960,141.460,61.567,-6.218,theta_2,-3.106,-0.063,0.000,-0.211,-0.059,-0.105,-0.021,0.007,-0.071,0.107,-1.108,-4.340,-0.220,2.170,1.683,4.436,-0.876,4.048,0.052,0.383,13.063,-3.051,0.209,0.000,-0.000
129.488,-31.070,-19.442,129.351,73.370,-18.860,theta_2,-3.101,0.212,0.021,-0.648,-0.240,0.107,0.098,0.013,0.239,0.381,-1.359,-4.179,-0.559,2.420,1.626,4.478,-0.842,4.117,0.050,0.391,13.075,-3.045,0.194,0.000,-0.000
129.488,-32.680,-12.571,125.429,63.424,0.729,theta_2,-3.098,-0.028,0.002,-0.704,-0.227,-0.081,0.151,0.013,-0.032,0.392,-1.309,-4.243,-0.634,2.304,1.677,4.032,-0.835,4.262,0.029,0.372,13.049,-3.060,0.227,-0.000,-0.000
129.488,-30.709,-5.390,141.536,73.746,-21.445,theta_2,-3.098,0.050,0.004,0.039,0.003,0.080,0.012,0.031,0.057,-0.002,-0.901,-4.507,0.090,1.848,1.767,4.038,-0.948,4.055,0.039,0.352,13.028,-3.076,0.256,-0.000,-0.000
129.488,-24.727,-37.870,142.223,64.441,-16.122,theta_2,-3.098,0.053,0.007,-0.621,-0.242,-0.045,-0.106,0.010,0.060,0.365,-1.381,-3.703,-0.539,2.785,1.462,5.275,-0.972,3.475,0.098,0.392,13.078,-3.044,0.191,0.000,-0.000
129.488,-20.040,-53.116,152.684,65.691,-31.223,theta_2,-3.088,0.126,0.011,-0.509,-0.257,-0.023,-0.334,0.010,0.142,0.365,-1.385,-3.245,-0.412,3.077,1.300,5.881,-1.022,2.993,0.126,0.393,13.079,-3.043,0.189,-0.000,-0.000
129.488,-31.163,-16.449,132.005,90.648,-68.509,theta_2,-3.082,0.328,-0.000,0.296,0.058,0.432,-0.004,-0.003,0.369,0.210,-1.164,-4.711,0.290,2.115,1.691,5.080,-0.800,4.157,0.062,0.421,13.136,-3.022,0.116,0.000,-0.000
129.488,-13.779,-74.988,170.512,63.465,-58.427,theta_2,-3.068,0.177,0.007,-0.102,-0.272,-0.070,-0.777,0.007,0.199,0.342,-1.280,-2.416,-0.010,3.425,1.034,6.583,-1.057,2.344,0.153,0.386,13.068,-3.049,0.203,0.000,-0.000
14.650,-7.710,122.120,-24.410,90.000,-14.640,-2.000,1.000,-2.000,-2.000,-2.000,-2.000,-2.000,-2.000,-2.000,-2.000,-2.000,-2.000,-2.000,-2.000,-2.000,-2.000,-2.000,-2.000,-2.000,-2.000,-2.000,-2.000,-2.000,-2.000,-2.000,-2.000
-20.824,28.259,-30.617,78.386,116.434,76.704,alpha_1,-4.952,0.114,0.000,0.129,-0.299,0.330,1.895,-0.007,0.235,0.334,0.285,-3.565,0.280,-0.749,1.967,-0.361,3.428,2.160,-0.002,-0.125,-0.129,4.835,0.096,0.000,-0.000
-15.104,21.259,5.750,50.660,117.554,-179.909,alpha_1,-3.806,-0.020,0.000,-0.023,-0.021,0.396,0.946,0.003,1.603,0.317,-0.271,-4.449,1.627,-1.459,1.804,-1.466,3.059,1.569,0.066,-0.077,-0.338,4.089,0.108,0.000,-0.000
53.224,-1.727,25.778,62.639,89.488,-75.981,alpha_1,-3.431,-0.038,-0.000,-0.043,0.017,0.041,-0.712,0.002,0.416,0.219,-0.054,-5.008,0.422,0.149,1.860,-1.463,-3.452,1.280,0.145,0.049,3.139,-4.196,0.164,-0.000,-0.000
41.088,0.094,34.321,36.803,71.417,160.893,alpha_1,-3.168,-0.174,-0.000,-0.196,0.029,-0.257,0.195,0.031,1.368,0.420,0.283,-3.954,1.386,-0.342,1.738,-2.019,-2.429,1.065,0.152,0.054,1.857,-3.112,0.105,-0.000,-0.000
